ref_pos,wt_aa,single_best_true,single_top3_true,single_mean_true,single_entropy,beneficial_frac,top1pct_mean_when_mutated,epi_gain,ft_top3_pred,ft_best_pred,zs_top3_pred,zs_best_pred
39,V,1.690163554,1.4355395076666666,0.293985671631579,1.851536517274333,0.15789473684210525,3.297157370206432,1.8616178625397655,0.8394947250684103,0.9602370858192444,-0.11919816086689627,-0.1184154525399208
40,D,3.901460756,3.624695885,1.8455071746842107,2.803491700417694,0.7894736842105263,3.3194199056151725,-0.3052759793848274,0.5836417078971863,0.6791315078735352,-0.11926058679819103,-0.1176298335194587
41,G,0.120576127,0.08277028033333333,0.019464444473684207,2.2035550433645485,0.0,3.366683409341969,3.2839131290086354,0.08061672002077098,0.1034734174609184,-0.10865894208351767,-0.1076916977763176
54,V,1.413935906,1.202557811,0.4029291098421053,2.4087977625817194,0.10526315789473684,3.306143496294076,2.1035856852940764,-0.20068642823025584,-0.0070212283171713,-0.1251544505357742,-0.124130941927433
