partial,score,filled
IYG-,3.0535361766815186,3
LYG-,2.9309253692626953,3
IWG-,2.9257235527038574,3
VYG-,2.924922466278076,3
LWG-,2.8848624229431152,3
IYA-,2.8779072761535645,3
IYV-,2.8750479221343994,3
VWG-,2.8403139114379883,3
IWA-,2.8242437839508057,3
VYV-,2.7801127433776855,3
LYA-,2.767533779144287,3
VYI-,2.762852668762207,3
LYV-,2.758552074432373,3
IYI-,2.7555298805236816,3
VYA-,2.751633882522583,3
IYC-,2.749565601348877,3
LWA-,2.7485289573669434,3
VWA-,2.7274603843688965,3
IYF-,2.7048861980438232,3
IWC-,2.6553549766540527,3
LYI-,2.6552088260650635,3
IY-V,2.6516001224517822,3
IY-C,2.6512627601623535,3
VYF-,2.648599147796631,3
VYC-,2.648442268371582,3
IFG-,2.6327857971191406,3
LYC-,2.61860990524292,3
IW-V,2.6143736839294434,3
VYL-,2.5948963165283203,3
FYG-,2.5948636531829834,3
IYL-,2.5902647972106934,3
IYY-,2.5862040519714355,3
IYM-,2.5860743522644043,3
VY-V,2.584674835205078,3
VWC-,2.5824451446533203,3
LYF-,2.5709309577941895,3
IYW-,2.568881034851074,3
VY-C,2.5672178268432617,3
LFG-,2.5561609268188477,3
IW-C,2.5540831089019775,3
IWF-,2.5408802032470703,3
LWC-,2.53977632522583,3
LY-V,2.5344648361206055,3
IWY-,2.533175230026245,3
LW-V,2.524519205093384,3
VYM-,2.5166521072387695,3
VW-V,2.515554904937744,3
LY-C,2.5030643939971924,3
VWF-,2.5021181106567383,3
IWM-,2.498659372329712,3
LYL-,2.4937210083007812,3
IFV-,2.4881715774536133,3
LYM-,2.486788272857666,3
VYY-,2.4865975379943848,3
IFA-,2.4820094108581543,3
IWW-,2.479111433029175,3
IY-A,2.478101968765259,3
MYV-,2.4778196811676025,3
LFV-,2.473544120788574,3
LYY-,2.4720916748046875,3
VW-C,2.4701409339904785,3
FYA-,2.4685049057006836,3
FWG-,2.4659571647644043,3
VYW-,2.4648802280426025,3
VFG-,2.462524890899658,3
LWF-,2.4605679512023926,3
LYW-,2.454505205154419,3
IWV-,2.4540345668792725,3
MYG-,2.45363187789917,3
VWM-,2.4492228031158447,3
VWY-,2.447610855102539,3
AYI-,2.439866304397583,3
YYG-,2.4396414756774902,3
FYV-,2.435286521911621,3
AYL-,2.4280834197998047,3
IFI-,2.4276936054229736,3
MYI-,2.425657272338867,3
LWY-,2.4255599975585938,3
LY-A,2.424999713897705,3
LFA-,2.4118165969848633,3
VWW-,2.4082930088043213,3
LWM-,2.407883644104004,3
LW-C,2.4056406021118164,3
IY-I,2.404578685760498,3
FWA-,2.4000473022460938,3
VY-A,2.399251937866211,3
MWG-,2.3981289863586426,3
IW-A,2.397951602935791,3
LFI-,2.3976452350616455,3
YYV-,2.3908441066741943,3
LWW-,2.3900959491729736,3
LWV-,2.379021644592285,3
CYG-,2.377446174621582,3
FYC-,2.3752098083496094,3
VWV-,2.371858596801758,3
VFI-,2.37073016166687,3
CYV-,2.3694663047790527,3
AYV-,2.367490768432617,3
IFF-,2.359309196472168,3
IYS-,2.3543665409088135,3
CYI-,2.3532233238220215,3
LW-A,2.3530397415161133,3
YWG-,2.3520870208740234,3
IFL-,2.3508639335632324,3
AWI-,2.347465991973877,3
IFC-,2.344996929168701,3
VFV-,2.3449132442474365,3
MYA-,2.3447413444519043,3
LVG-,2.3444032669067383,3
CWG-,2.3439345359802246,3
VY-I,2.3436520099639893,3
YYI-,2.3428072929382324,3
MYL-,2.3418312072753906,3
FY-V,2.3390707969665527,3
AWV-,2.338336706161499,3
FYF-,2.338164806365967,3
MWV-,2.3362302780151367,3
IF-V,2.331984519958496,3
YYA-,2.330939769744873,3
AYG-,2.330721378326416,3
TYI-,2.3272056579589844,3
WYV-,2.3253350257873535,3
WYG-,2.32317852973938,3
TWI-,2.322535514831543,3
LFL-,2.3211658000946045,3
FYI-,2.319908618927002,3
VFL-,2.3183040618896484,3
AWG-,2.314734935760498,3
VFA-,2.314094066619873,3
TYV-,2.3135976791381836,3
MWA-,2.312861919403076,3
VW-A,2.305637836456299,3
LY-I,2.30558443069458,3
IW-I,2.3013997077941895,3
TWV-,2.3011162281036377,3
WYI-,2.2992255687713623,3
IYR-,2.2982077598571777,3
IFY-,2.289712429046631,3
TYL-,2.2866272926330566,3
YWA-,2.281613349914551,3
WWG-,2.2810184955596924,3
FYY-,2.275071144104004,3
MY-V,2.2748568058013916,3
VFF-,2.2733817100524902,3
IYP-,2.2717270851135254,3
TWL-,2.267622470855713,3
MYC-,2.2610132694244385,3
CYL-,2.259779214859009,3
FWC-,2.2576069831848145,3
IF-C,2.2527241706848145,3
LFC-,2.2525696754455566,3
IYN-,2.2522926330566406,3
LFF-,2.2509288787841797,3
YYC-,2.249793291091919,3
LYS-,2.247870445251465,3
LF-V,2.245628833770752,3
AYF-,2.244821548461914,3
WWA-,2.2415103912353516,3
IYH-,2.2395153045654297,3
WYA-,2.238048553466797,3
IY-T,2.235365867614746,3
IYE-,2.235365867614746,3
IWR-,2.234037160873413,3
IY-F,2.2319412231445312,3
MYF-,2.2304766178131104,3
TYG-,2.2302510738372803,3
FW-V,2.2296648025512695,3
IWS-,2.227419137954712,3
VFC-,2.2243480682373047,3
YYF-,2.224104404449463,3
IYK-,2.223944902420044,3
FFG-,2.2229771614074707,3
TWG-,2.2225937843322754,3
CWA-,2.221707344055176,3
FY-C,2.2211241722106934,3
VW-I,2.218745470046997,3
AWF-,2.2181551456451416,3
CYA-,2.217589855194092,3
WYL-,2.216862201690674,3
CYC-,2.21580171585083,3
IFW-,2.21518611907959,3
LW-I,2.214221954345703,3
YYL-,2.2139439582824707,3
IWN-,2.2133336067199707,3
IWI-,2.2132034301757812,3
MWI-,2.2123656272888184,3
LYR-,2.2113394737243652,3
IWH-,2.2112793922424316,3
VYS-,2.2111616134643555,3
FYM-,2.2093682289123535,3
LVA-,2.20920467376709,3
YY-V,2.208810806274414,3
AWL-,2.2075371742248535,3
LCG-,2.207166910171509,3
VWI-,2.2062885761260986,3
IY-Y,2.205598831176758,3
CY-V,2.204564094543457,3
FYW-,2.2022202014923096,3
LFY-,2.201097011566162,3
IY-S,2.1997601985931396,3
MWC-,2.196963310241699,3
IFM-,2.1961936950683594,3
MW-V,2.1947245597839355,3
IYQ-,2.193376302719116,3
LWS-,2.192880630493164,3
CYF-,2.1909561157226562,3
LYP-,2.1907272338867188,3
AWA-,2.1878502368927,3
WYC-,2.1876282691955566,3
CWV-,2.1869170665740967,3
GYI-,2.186791181564331,3
IY-W,2.1861376762390137,3
AY-V,2.184638261795044,3
VYR-,2.1799798011779785,3
AYA-,2.1797125339508057,3
IYT-,2.177618980407715,3
VFY-,2.1775014400482178,3
AYY-,2.175900459289551,3
YWC-,2.172140121459961,3
FFV-,2.1701903343200684,3
LYN-,2.169468402862549,3
ICG-,2.1691596508026123,3
AW-V,2.1691462993621826,3
IVA-,2.168639659881592,3
LYH-,2.1681365966796875,3
MY-C,2.1668758392333984,3
CWC-,2.166344404220581,3
MWF-,2.1660022735595703,3
VF-V,2.1658952236175537,3
TWA-,2.165210008621216,3
LWI-,2.165137529373169,3
WY-V,2.1649951934814453,3
IWE-,2.1624486446380615,3
IW-T,2.1624486446380615,3
MYY-,2.1608498096466064,3
CW-V,2.1598758697509766,3
IVG-,2.159548759460449,3
IY-N,2.1593432426452637,3
LWN-,2.156360626220703,3
WWC-,2.1559391021728516,3
FY-A,2.154460906982422,3
LIG-,2.153989315032959,3
TYA-,2.153968572616577,3
LWR-,2.1526246070861816,3
FWY-,2.1517040729522705,3
AYC-,2.149552822113037,3
LYE-,2.1465811729431152,3
LY-T,2.1465811729431152,3
LYK-,2.1457791328430176,3
LHG-,2.1415023803710938,3
TYF-,2.14044451713562,3
VWS-,2.139906883239746,3
CYY-,2.1394472122192383,3
VYP-,2.1385669708251953,3
LYT-,2.138349771499634,3
VWR-,2.1357262134552,3
WYF-,2.134385108947754,3
LWH-,2.132925271987915,3
GYL-,2.132868766784668,3
FWF-,2.1328346729278564,3
YYY-,2.1326398849487305,3
GYV-,2.1320953369140625,3
TWF-,2.1313271522521973,3
IF-A,2.1303048133850098,3
FFA-,2.1300559043884277,3
VF-C,2.128793239593506,3
IY-G,2.128265142440796,3
YW-V,2.1282083988189697,3
VVG-,2.1281137466430664,3
AWC-,2.126152753829956,3
LFM-,2.124112606048584,3
TY-V,2.1234488487243652,3
LFW-,2.123180866241455,3
CWF-,2.1230504512786865,3
IWT-,2.1226515769958496,3
IWQ-,2.1223857402801514,3
IY-L,2.12106990814209,3
LYQ-,2.121009111404419,3
AWY-,2.117888927459717,3
FW-C,2.1174840927124023,3
IWK-,2.1160781383514404,3
FFI-,2.1154446601867676,3
TYC-,2.113370895385742,3
IW-S,2.113024950027466,3
LF-C,2.112412452697754,3
VY-F,2.1104254722595215,3
MYM-,2.108785629272461,3
MYW-,2.1074280738830566,3
LY-G,2.1073451042175293,3
MW-C,2.106241226196289,3
IY-M,2.1047513484954834,3
MY-A,2.1046953201293945,3
IW-Y,2.103684425354004,3
VFM-,2.1018424034118652,3
LAG-,2.10158109664917,3
LY-S,2.100764513015747,3
AW-C,2.100743055343628,3
TW-V,2.1004810333251953,3
VYH-,2.100130796432495,3
FWM-,2.0995078086853027,3
MWY-,2.0981314182281494,3
WW-V,2.0972492694854736,3
YFG-,2.0960445404052734,3
IW-F,2.0940051078796387,3
MFG-,2.0939388275146484,3
VYE-,2.0931506156921387,3
VY-T,2.0931506156921387,3
IVV-,2.0920987129211426,3
YYW-,2.0914082527160645,3
VYN-,2.090820789337158,3
CYW-,2.0905885696411133,3
IWP-,2.0903775691986084,3
TWC-,2.089893341064453,3
AY-C,2.0891306400299072,3
VFW-,2.0891120433807373,3
LCA-,2.089077949523926,3
YYM-,2.0886290073394775,3
YY-C,2.0884580612182617,3
VYT-,2.088066816329956,3
LY-F,2.0875051021575928,3
WYY-,2.0872883796691895,3
VWH-,2.0870234966278076,3
LY-N,2.0868234634399414,3
MFV-,2.085130214691162,3
FWW-,2.0845634937286377,3
YFV-,2.0836479663848877,3
YWF-,2.0836238861083984,3
LWP-,2.0831103324890137,3
CY-C,2.0823240280151367,3
LWE-,2.080991268157959,3
LW-T,2.080991268157959,3
LF-A,2.08064603805542,3
VWN-,2.0803568363189697,3
IY-H,2.078524589538574,3
WWF-,2.077004909515381,3
CWI-,2.0768485069274902,3
ICA-,2.076387882232666,3
IVC-,2.076364517211914,3
IY-R,2.0758628845214844,3
VY-Y,2.0747756958007812,3
CWY-,2.0744495391845703,3
TW-C,2.0724189281463623,3
WY-C,2.072122573852539,3
AYW-,2.071582794189453,3
VYQ-,2.0715653896331787,3
LWT-,2.070427179336548,3
TY-C,2.0703256130218506,3
IAG-,2.069995164871216,3
YFI-,2.069748640060425,3
CYM-,2.0691940784454346,3
MWM-,2.0690760612487793,3
AYM-,2.068584442138672,3
FYL-,2.068455219268799,3
VYK-,2.0679407119750977,3
LVV-,2.0671072006225586,3
IF-I,2.066250801086426,3
AWM-,2.0653421878814697,3
IW-W,2.0653016567230225,3
WWV-,2.0643820762634277,3
VVA-,2.064363956451416,3
VY-S,2.0615367889404297,3
MFI-,2.059739112854004,3
RYI-,2.056422233581543,3
YWY-,2.0552279949188232,3
LAA-,2.053913116455078,3
IW-N,2.0536510944366455,3
WYW-,2.0520262718200684,3
VY-W,2.0519652366638184,3
LWK-,2.051809787750244,3
VY-L,2.049560546875,3
GYG-,2.048814296722412,3
FW-A,2.047877073287964,3
TYY-,2.046078681945801,3
LWQ-,2.0458908081054688,3
MWL-,2.0453827381134033,3
WWY-,2.0445940494537354,3
AWW-,2.044581890106201,3
VWT-,2.0442771911621094,3
RYV-,2.0436034202575684,3
VW-T,2.0424532890319824,3
VWE-,2.0424532890319824,3
RWI-,2.042058229446411,3
MWW-,2.040639877319336,3
CWM-,2.0402371883392334,3
LY-Y,2.0389013290405273,3
IIG-,2.0380444526672363,3
FY-I,2.0362584590911865,3
KYI-,2.0351450443267822,3
CW-C,2.0320706367492676,3
FFF-,2.0320510864257812,3
CWW-,2.0318174362182617,3
LW-S,2.0305399894714355,3
LY-W,2.030264377593994,3
YY-A,2.029298782348633,3
VY-G,2.0273947715759277,3
CFG-,2.0265684127807617,3
WYM-,2.0258288383483887,3
GYA-,2.02549147605896,3
LVC-,2.025377035140991,3
FFC-,2.02500581741333,3
YWM-,2.0248348712921143,3
IVI-,2.0244157314300537,3
VY-N,2.0243403911590576,3
YFA-,2.023766040802002,3
LY-L,2.022822618484497,3
RWV-,2.02104115486145,3
TWY-,2.020876407623291,3
IAA-,2.0198452472686768,3
YW-C,2.0189967155456543,3
IW-L,2.01885986328125,3
VWQ-,2.018454074859619,3
MW-A,2.0182337760925293,3
IY-P,2.017716884613037,3
RYG-,2.017246723175049,3
IY-K,2.015746593475342,3
CY-A,2.0153825283050537,3
RWG-,2.0149059295654297,3
LIA-,2.0124053955078125,3
YWW-,2.0120296478271484,3
MFA-,2.011643886566162,3
NYI-,2.0116353034973145,3
TYM-,2.0085289478302,3
VVI-,2.007305145263672,3
LY-M,2.00726318359375,3
WWW-,2.007220983505249,3
WWM-,2.0064148902893066,3
AFL-,2.0059940814971924,3
IFS-,2.005638360977173,3
IW-G,2.005178213119507,3
WW-C,2.004976272583008,3
MY-I,2.0047450065612793,3
MFL-,2.002642869949341,3
IWL-,2.0021824836730957,3
RYL-,2.002018451690674,3
IVY-,2.0016369819641113,3
VW-Y,2.0004971027374268,3
TWM-,1.9978930950164795,3
VW-F,1.9972021579742432,3
GWI-,1.9969842433929443,3
GYF-,1.9967848062515259,3
LW-N,1.9965609312057495,3
VVC-,1.9964685440063477,3
LW-G,1.9962530136108398,3
SWI-,1.9960881471633911,3
LVI-,1.9957343339920044,3
VW-S,1.9946433305740356,3
VCG-,1.9941169023513794,3
GY-V,1.9932117462158203,3
LY-R,1.991992473602295,3
CFI-,1.9916719198226929,3
SYI-,1.9910838603973389,3
AFI-,1.9907329082489014,3
VWK-,1.989709734916687,3
WY-A,1.9881633520126343,3
KWI-,1.9872366189956665,3
LW-F,1.9858965873718262,3
KYL-,1.985640525817871,3
WWI-,1.985361933708191,3
GYY-,1.9852842092514038,3
VVV-,1.983907699584961,3
TYW-,1.9832813739776611,3
YFL-,1.982046127319336,3
IHG-,1.9805865287780762,3
VY-M,1.9791545867919922,3
VF-A,1.978760838508606,3
IW-H,1.9782650470733643,3
IW-M,1.9777792692184448,3
CFV-,1.977676272392273,3
IY-Q,1.9771229028701782,3
NYL-,1.9756537675857544,3
FFY-,1.9753834009170532,3
LWL-,1.9747254848480225,3
IFR-,1.9747228622436523,3
LW-Y,1.974537968635559,3
CW-A,1.9721505641937256,3
LY-P,1.972110629081726,3
VWP-,1.9705756902694702,3
IIA-,1.9703295230865479,3
RWL-,1.970076322555542,3
IV-C,1.9700682163238525,3
KYV-,1.9696366786956787,3
VIG-,1.9691524505615234,3
FFL-,1.9687358140945435,3
TY-A,1.9666637182235718,3
AY-A,1.9662058353424072,3
AFG-,1.965329647064209,3
LY-H,1.9648735523223877,3
WFI-,1.9636707305908203,3
IW-R,1.9625129699707031,3
WFV-,1.961559772491455,3
SYL-,1.9614543914794922,3
LF-I,1.9605153799057007,3
SWL-,1.9598907232284546,3
TWW-,1.9598028659820557,3
VW-W,1.9595727920532227,3
NYV-,1.9587440490722656,3
LVY-,1.9573694467544556,3
LY-K,1.9569878578186035,3
GYC-,1.9558217525482178,3
IVF-,1.9552894830703735,3
FF-V,1.9544391632080078,3
GWG-,1.9532320499420166,3
WFG-,1.952878475189209,3
FVG-,1.9527493715286255,3
FYR-,1.9503809213638306,3
NWI-,1.9486337900161743,3
FYS-,1.9486091136932373,3
LHA-,1.9479038715362549,3
VY-H,1.9478096961975098,3
YFF-,1.9465011358261108,3
LW-L,1.9464740753173828,3
VAG-,1.9455970525741577,3
KYG-,1.9441168308258057,3
VWL-,1.943762183189392,3
YW-A,1.9435964822769165,3
AW-A,1.943185806274414,3
GWV-,1.9428483247756958,3
YWV-,1.9419916868209839,3
VY-R,1.9414193630218506,3
YFC-,1.9405931234359741,3
CFL-,1.940436601638794,3
LW-W,1.9376002550125122,3
QYI-,1.9375214576721191,3
CY-I,1.9357253313064575,3
LVF-,1.9339256286621094,3
FYN-,1.9334189891815186,3
LFS-,1.9333873987197876,3
MFC-,1.9331538677215576,3
LV-C,1.9308252334594727,3
GWL-,1.9307883977890015,3
VCA-,1.9304678440093994,3
VF-I,1.9280649423599243,3
AFV-,1.925034523010254,3
VW-N,1.9249018430709839,3
WW-A,1.9248348474502563,3
KWL-,1.9248037338256836,3
NYG-,1.9235856533050537,3
TW-A,1.9234857559204102,3
NWL-,1.9227030277252197,3
TFI-,1.9223439693450928,3
FYH-,1.921708106994629,3
SWV-,1.9216783046722412,3
VAA-,1.9214473962783813,3
WFL-,1.9209659099578857,3
KWV-,1.9193780422210693,3
IFH-,1.9179737567901611,3
IV-V,1.9178109169006348,3
FWV-,1.9173492193222046,3
MVG-,1.9164806604385376,3
LY-Q,1.9164725542068481,3
LV-V,1.9162629842758179,3
VV-C,1.9143812656402588,3
SYV-,1.9140493869781494,3
MFF-,1.9138832092285156,3
VW-L,1.9135901927947998,3
VHG-,1.9126695394515991,3
QYV-,1.9126261472702026,3
RWA-,1.9120686054229736,3
ICC-,1.9120395183563232,3
HYI-,1.9108021259307861,3
RYA-,1.9101371765136719,3
KWG-,1.9094797372817993,3
FYP-,1.9089841842651367,3
FW-I,1.90877366065979,3
YY-I,1.9084160327911377,3
LFR-,1.9083712100982666,3
FYT-,1.9080564975738525,3
MW-I,1.9072355031967163,3
VVF-,1.90706467628479,3
IW-K,1.906409740447998,3
TFV-,1.9063363075256348,3
GWA-,1.9055373668670654,3
WFA-,1.9051049947738647,3
IVW-,1.9042359590530396,3
VW-G,1.9029792547225952,3
AY-I,1.9027376174926758,3
TFL-,1.901655912399292,3
GYW-,1.901398777961731,3
FWR-,1.8997812271118164,3
CFA-,1.8994754552841187,3
IVM-,1.899257779121399,3
RYC-,1.8989076614379883,3
MYP-,1.8988908529281616,3
CWL-,1.897749662399292,3
IFP-,1.897114872932434,3
LW-R,1.8969241380691528,3
CFC-,1.8962277173995972,3
LVM-,1.8946726322174072,3
FVA-,1.8940690755844116,3
MYS-,1.8922913074493408,3
FWN-,1.891554832458496,3
VY-P,1.8908288478851318,3
MF-V,1.890665054321289,3
LW-M,1.8877073526382446,3
LFP-,1.88740873336792,3
EWI-,1.8871920108795166,3
LW-H,1.8861393928527832,3
VVY-,1.8848257064819336,3
IIC-,1.8846852779388428,3
NWV-,1.8842930793762207,3
TFG-,1.8838520050048828,3
QYG-,1.88363778591156,3
QYL-,1.883441686630249,3
IFT-,1.882206678390503,3
VY-K,1.8819328546524048,3
IF-F,1.881557822227478,3
FFM-,1.8794296979904175,3
GY-C,1.8783724308013916,3
MFY-,1.87638258934021,3
LVW-,1.8763635158538818,3
IW-P,1.8760156631469727,3
HYV-,1.8757295608520508,3
YFY-,1.8756980895996094,3
EYI-,1.8754152059555054,3
TY-I,1.8753341436386108,3
IW-Q,1.874546766281128,3
RWC-,1.8740333318710327,3
AW-I,1.8736859560012817,3
RY-V,1.8736763000488281,3
FFW-,1.8736693859100342,3
AFF-,1.873386263847351,3
IFE-,1.8725969791412354,3
IF-T,1.8725969791412354,3
CFF-,1.8724963665008545,3
QWI-,1.8721927404403687,3
RYF-,1.8719857931137085,3
LW-K,1.8716256618499756,3
SWG-,1.8713030815124512,3
IAY-,1.8709287643432617,3
MYR-,1.8708418607711792,3
YVG-,1.8704688549041748,3
IFN-,1.8699817657470703,3
LIC-,1.8699616193771362,3
NWG-,1.8689106702804565,3
LCC-,1.8685150146484375,3
FF-C,1.8671555519104004,3
CW-I,1.8670918941497803,3
IF-Y,1.8664605617523193,3
IAC-,1.8661574125289917,3
WY-I,1.865126371383667,3
FWH-,1.8641332387924194,3
WFC-,1.8640391826629639,3
LFH-,1.8633544445037842,3
YF-V,1.8619633913040161,3
VW-M,1.861930251121521,3
VVM-,1.8611899614334106,3
RWF-,1.8602267503738403,3
FWS-,1.860182523727417,3
VW-H,1.8601337671279907,3
SYG-,1.8594473600387573,3
GW-V,1.8593037128448486,3
IFQ-,1.858755350112915,3
LIV-,1.857776165008545,3
MYT-,1.8576622009277344,3
LFT-,1.8569495677947998,3
GYM-,1.8556928634643555,3
HYL-,1.8503661155700684,3
LW-P,1.849548101425171,3
QWV-,1.8493176698684692,3
CFY-,1.8489885330200195,3
IFK-,1.8485662937164307,3
VFS-,1.8483829498291016,3
QWG-,1.8483715057373047,3
VIA-,1.847374677658081,3
AVG-,1.8468024730682373,3
VFR-,1.846335768699646,3
GFI-,1.8461439609527588,3
FYK-,1.8449146747589111,3
MWS-,1.8448057174682617,3
MYH-,1.84433114528656,3
GWF-,1.8429639339447021,3
AVI-,1.8418110609054565,3
YYS-,1.8408591747283936,3
NYF-,1.8408347368240356,3
CF-V,1.8403868675231934,3
RW-V,1.8386917114257812,3
TW-I,1.8379721641540527,3
NYA-,1.8376271724700928,3
EWV-,1.8371734619140625,3
AFY-,1.8363006114959717,3
MWR-,1.8356444835662842,3
NYC-,1.8354109525680542,3
VY-Q,1.8352062702178955,3
VW-R,1.8347649574279785,3
FY-T,1.8343677520751953,3
FYE-,1.8343677520751953,3
WFF-,1.8342530727386475,3
YYR-,1.8342244625091553,3
IIY-,1.833918809890747,3
IF-W,1.8334211111068726,3
RYY-,1.8329079151153564,3
FWT-,1.8328487873077393,3
KYF-,1.8306957483291626,3
LFN-,1.8306690454483032,3
ICY-,1.8306488990783691,3
EYV-,1.8305506706237793,3
MYN-,1.8298287391662598,3
FYQ-,1.8287590742111206,3
IHA-,1.8285080194473267,3
TFA-,1.8283438682556152,3
LW-Q,1.8268721103668213,3
LV-A,1.8260385990142822,3
MF-C,1.825371503829956,3
AFA-,1.8249317407608032,3
IIV-,1.8247772455215454,3
YWI-,1.8245354890823364,3
EWG-,1.8239446878433228,3
MWN-,1.8232393264770508,3
LIY-,1.8222357034683228,3
IF-L,1.8219590187072754,3
YYN-,1.8210399150848389,3
EWL-,1.8210210800170898,3
IF-S,1.820085883140564,3
VV-V,1.8192479610443115,3
LAC-,1.8190085887908936,3
WWL-,1.8169951438903809,3
EYL-,1.816611886024475,3
CYP-,1.8165574073791504,3
GFL-,1.8164935111999512,3
SWA-,1.8163890838623047,3
LMG-,1.8157398700714111,3
HYG-,1.8155624866485596,3
YW-I,1.8155544996261597,3
LFK-,1.8155368566513062,3
YYT-,1.8149182796478271,3
IIF-,1.8148400783538818,3
MVA-,1.81442129611969,3
TFF-,1.8133955001831055,3
EYG-,1.8125967979431152,3
GWC-,1.812072992324829,3
MWH-,1.811326503753662,3
SWF-,1.8109755516052246,3
LF-T,1.8106175661087036,3
LFE-,1.8106175661087036,3
VIC-,1.810378074645996,3
GWY-,1.809659719467163,3
KYA-,1.8095037937164307,3
QWL-,1.8094568252563477,3
IC-V,1.8077354431152344,3
LFQ-,1.8073861598968506,3
LAY-,1.8061696290969849,3
SYF-,1.8059461116790771,3
LIF-,1.805757761001587,3
IY-E,1.8056268692016602,3
HWI-,1.8054239749908447,3
KWF-,1.8043051958084106,3
YVA-,1.8042128086090088,3
RY-C,1.803048014640808,3
YWN-,1.8024113178253174,3
VCC-,1.801560640335083,3
MWT-,1.8008586168289185,3
YWR-,1.7998579740524292,3
WFY-,1.7998464107513428,3
AFC-,1.799576997756958,3
NWA-,1.7991102933883667,3
YYH-,1.7990596294403076,3
CVG-,1.7989916801452637,3
HWV-,1.7988486289978027,3
KYC-,1.7988460063934326,3
YFM-,1.7980563640594482,3
VVW-,1.7978310585021973,3
YFW-,1.7965950965881348,3
FIG-,1.7965009212493896,3
NY-V,1.7964520454406738,3
IF-N,1.795461893081665,3
RWY-,1.795107126235962,3
I-GC,1.7950694561004639,3
VHA-,1.7932302951812744,3
RW-C,1.7928504943847656,3
MFM-,1.7924491167068481,3
GY-A,1.7915983200073242,3
MFW-,1.7914862632751465,3
FY-S,1.791334867477417,3
KWA-,1.7912715673446655,3
TFC-,1.790940284729004,3
AYP-,1.7901839017868042,3
GW-C,1.7900282144546509,3
MYK-,1.790021300315857,3
IC-C,1.7895300388336182,3
FVC-,1.7888953685760498,3
NYY-,1.7885345220565796,3
HWG-,1.7879893779754639,3
SYA-,1.7869943380355835,3
WF-V,1.7855623960494995,3
FF-A,1.78469717502594,3
IA-C,1.783636212348938,3
LC-V,1.7831705808639526,3
IV-A,1.7823607921600342,3
YF-C,1.782233715057373,3
TVG-,1.782057523727417,3
LII-,1.781808614730835,3
YYP-,1.7815089225769043,3
FY-L,1.7810583114624023,3
WW-I,1.7808837890625,3
MYE-,1.7805469036102295,3
MY-T,1.7805469036102295,3
FWE-,1.7801523208618164,3
FW-T,1.7801523208618164,3
CFW-,1.7795941829681396,3
CYR-,1.7793532609939575,3
SYC-,1.7790895700454712,3
GFV-,1.7784700393676758,3
VFT-,1.778337836265564,3
RYW-,1.777939796447754,3
VW-K,1.7775578498840332,3
SWC-,1.7773773670196533,3
VFH-,1.7767179012298584,3
NWF-,1.7757420539855957,3
FY-F,1.7747948169708252,3
CWR-,1.7736963033676147,3
MYQ-,1.77311110496521,3
AWR-,1.7724874019622803,3
TVI-,1.7723134756088257,3
LVL-,1.7713661193847656,3
AYR-,1.7710843086242676,3
FWQ-,1.7708775997161865,3
II-C,1.770442008972168,3
AF-V,1.7702608108520508,3
CWN-,1.7693122625350952,3
YWS-,1.7692978382110596,3
KWC-,1.7670471668243408,3
FWK-,1.7649831771850586,3
FY-G,1.76495361328125,3
SW-V,1.7647759914398193,3
LCY-,1.7647638320922852,3
MY-L,1.7645360231399536,3
VIF-,1.7643791437149048,3
LRG-,1.7640957832336426,3
TFY-,1.7638764381408691,3
FY-N,1.7638009786605835,3
NWC-,1.763795018196106,3
KYY-,1.7633280754089355,3
WWR-,1.763157606124878,3
AVV-,1.7623686790466309,3
LI-C,1.7619030475616455,3
WYR-,1.7617676258087158,3
YWH-,1.761695384979248,3
III-,1.7615374326705933,3
NY-C,1.7610366344451904,3
-YGV,1.7608760595321655,3
MVV-,1.7607977390289307,3
WWN-,1.7606791257858276,3
IF-G,1.7606401443481445,3
KY-V,1.7602424621582031,3
IMG-,1.759279727935791,3
SY-V,1.7589898109436035,3
QYA-,1.7581532001495361,3
CYT-,1.7580111026763916,3
VAC-,1.7577396631240845,3
I-GV,1.7573835849761963,3
RYM-,1.7563828229904175,3
GWW-,1.7558722496032715,3
FY-Y,1.7556533813476562,3
CF-C,1.7551506757736206,3
VII-,1.7548938989639282,3
ICW-,1.7547991275787354,3
RWW-,1.75358247756958,3
CFM-,1.7534353733062744,3
YWT-,1.7518444061279297,3
SW-C,1.7516119480133057,3
LI-V,1.7515009641647339,3
LVS-,1.7507071495056152,3
MY-G,1.7499244213104248,3
WVG-,1.7498745918273926,3
LVN-,1.7491992712020874,3
LF-S,1.7485153675079346,3
NW-V,1.7478529214859009,3
RWM-,1.747528314590454,3
VW-P,1.7471461296081543,3
LIM-,1.7470847368240356,3
MWE-,1.7466638088226318,3
MW-T,1.7466638088226318,3
ILG-,1.746213674545288,3
YYK-,1.7459831237792969,3
FVY-,1.7443770170211792,3
CWS-,1.7443344593048096,3
CYS-,1.7443256378173828,3
QY-V,1.7442505359649658,3
LF-F,1.7436131238937378,3
AF-C,1.7432267665863037,3
IF-M,1.7429951429367065,3
VIV-,1.7427761554718018,3
VW-Q,1.7420527935028076,3
IAW-,1.7420425415039062,3
VAY-,1.7419588565826416,3
MVI-,1.7418899536132812,3
QYC-,1.7418122291564941,3
VIY-,1.741753101348877,3
MY-F,1.7405750751495361,3
MY-S,1.7402408123016357,3
IVN-,1.7402009963989258,3
CWH-,1.740013837814331,3
MCG-,1.7397295236587524,3
MIG-,1.7391879558563232,3
QWA-,1.7383654117584229,3
MF-A,1.738206386566162,3
CYH-,1.7380002737045288,3
VF-F,1.737966537475586,3
AVA-,1.737204909324646,3
WYN-,1.7368780374526978,3
WYS-,1.736581802368164,3
KW-C,1.7360233068466187,3
GFG-,1.735858678817749,3
LIW-,1.735396385192871,3
TVV-,1.7348747253417969,3
CYN-,1.7348624467849731,3
TF-V,1.734724998474121,3
QYF-,1.7346103191375732,3
IVL-,1.734450340270996,3
FWI-,1.7343326807022095,3
TF-C,1.7339887619018555,3
SYY-,1.7338273525238037,3
EWA-,1.7337305545806885,3
WFW-,1.7336606979370117,3
VFP-,1.732882022857666,3
KY-C,1.7328693866729736,3
IIW-,1.7328052520751953,3
NW-C,1.7324366569519043,3
WF-C,1.732353925704956,3
LA-V,1.7318412065505981,3
AYT-,1.7318322658538818,3
MWQ-,1.731600284576416,3
GWM-,1.7314541339874268,3
WWH-,1.729266881942749,3
MVC-,1.7292263507843018,3
MWK-,1.729027509689331,3
LY-E,1.7290092706680298,3
WYH-,1.7283604145050049,3
LA-C,1.728223443031311,3
NYW-,1.728043556213379,3
RFG-,1.7278378009796143,3
IVT-,1.7276239395141602,3
YVC-,1.7274525165557861,3
LF-N,1.7263931035995483,3
RFI-,1.7262237071990967,3
IVR-,1.725783348083496,3
VFQ-,1.725644588470459,3
LF-G,1.7254130840301514,3
HYA-,1.7251842021942139,3
MWP-,1.7251334190368652,3
KW-V,1.7249653339385986,3
LF-L,1.7244197130203247,3
SY-C,1.7235900163650513,3
LF-Y,1.723539113998413,3
VF-Y,1.722968339920044,3
CWT-,1.7221227884292603,3
IIM-,1.7220394611358643,3
IA-V,1.721858263015747,3
YYE-,1.7217553853988647,3
YY-T,1.7217553853988647,3
YYQ-,1.721696138381958,3
MY-N,1.721070408821106,3
HYF-,1.7201766967773438,3
AFW-,1.7200908660888672,3
FW-S,1.719259262084961,3
FY-W,1.7189879417419434,3
IF-H,1.7185964584350586,3
AFM-,1.7180708646774292,3
KWY-,1.7175613641738892,3
TYP-,1.716822862625122,3
LCM-,1.7167069911956787,3
LLG-,1.716663122177124,3
WYT-,1.7165863513946533,3
AYH-,1.7156002521514893,3
VFE-,1.7155896425247192,3
VF-T,1.7155896425247192,3
WFM-,1.7155115604400635,3
TVA-,1.715064287185669,3
CW-T,1.7148640155792236,3
CWE-,1.7148640155792236,3
HYC-,1.7146028280258179,3
GFY-,1.7144687175750732,3
RY-A,1.7142736911773682,3
LNG-,1.7136073112487793,3
AYS-,1.7134063243865967,3
IF-R,1.7131441831588745,3
LMA-,1.7122337818145752,3
WWS-,1.7122228145599365,3
AWH-,1.7119519710540771,3
CVC-,1.71157705783844,3
LCW-,1.7115061283111572,3
LAW-,1.710886001586914,3
CYE-,1.7106361389160156,3
CY-T,1.7106361389160156,3
II-V,1.7099151611328125,3
-WGV,1.709609866142273,3
L-GV,1.709223985671997,3
LVR-,1.7089743614196777,3
LC-A,1.7081482410430908,3
MY-Y,1.7077538967132568,3
TYR-,1.7076969146728516,3
FVV-,1.7070404291152954,3
NWY-,1.70701003074646,3
NYM-,1.7067656517028809,3
HWA-,1.7067430019378662,3
RFV-,1.7066683769226074,3
GFA-,1.7066327333450317,3
VVL-,1.7062357664108276,3
HY-V,1.706002950668335,3
VI-C,1.705696702003479,3
SWY-,1.7055224180221558,3
AVL-,1.705446720123291,3
EYA-,1.7040691375732422,3
FIA-,1.7039490938186646,3
LF-W,1.7031428813934326,3
IW-E,1.7029869556427002,3
LVT-,1.702865719795227,3
TYT-,1.7027802467346191,3
TYS-,1.7027244567871094,3
FV-C,1.7022942304611206,3
AVF-,1.7019503116607666,3
QY-C,1.7010291814804077,3
LC-C,1.700413465499878,3
GFF-,1.7002571821212769,3
AWS-,1.6999956369400024,3
MW-S,1.6996712684631348,3
GY-I,1.6995410919189453,3
FAA-,1.6994984149932861,3
YIG-,1.6990758180618286,3
KYM-,1.699060320854187,3
VV-A,1.6989178657531738,3
MY-W,1.6981189250946045,3
EWF-,1.6979682445526123,3
VFN-,1.6978135108947754,3
L-GC,1.6976943016052246,3
ICM-,1.697540521621704,3
QWF-,1.697505235671997,3
FCA-,1.6973786354064941,3
FY-R,1.697378158569336,3
QWC-,1.6966314315795898,3
YF-A,1.6956942081451416,3
VF-W,1.6955575942993164,3
SWM-,1.6951655149459839,3
TWR-,1.6946231126785278,3
IC-A,1.6943422555923462,3
VFK-,1.6937717199325562,3
VCY-,1.6936395168304443,3
WWT-,1.6927975416183472,3
IVS-,1.6927030086517334,3
QW-V,1.6925781965255737,3
LHC-,1.6918699741363525,3
YWE-,1.6916849613189697,3
YW-T,1.6916849613189697,3
FCG-,1.6898913383483887,3
RFL-,1.6893653869628906,3
AWT-,1.6889228820800781,3
CY-F,1.6888070106506348,3
IVH-,1.688594937324524,3
FVF-,1.6884663105010986,3
FF-I,1.6883749961853027,3
EYF-,1.6867152452468872,3
AWN-,1.6866294145584106,3
LCF-,1.6864337921142578,3
CY-L,1.685974359512329,3
WVA-,1.6856061220169067,3
VIM-,1.6832215785980225,3
QYY-,1.6827787160873413,3
TFM-,1.6822295188903809,3
-YLV,1.681943655014038,3
CVI-,1.6817986965179443,3
VA-C,1.6816761493682861,3
KWM-,1.681073784828186,3
EWC-,1.6809961795806885,3
KYW-,1.6805334091186523,3
EYC-,1.6803512573242188,3
YWK-,1.6803406476974487,3
-YIV,1.6797919273376465,3
WYP-,1.6796464920043945,3
YWQ-,1.6788012981414795,3
AVC-,1.6786282062530518,3
TWS-,1.6779015064239502,3
FFR-,1.6776542663574219,3
QW-C,1.6767487525939941,3
FW-N,1.676524043083191,3
SYM-,1.6761436462402344,3
CF-A,1.675912857055664,3
VF-L,1.673954725265503,3
TVL-,1.6737092733383179,3
CYK-,1.6736901998519897,3
GW-A,1.6736679077148438,3
IF-K,1.6735140085220337,3
MW-F,1.6726570129394531,3
FV-V,1.672102689743042,3
HWC-,1.6718651056289673,3
RW-A,1.6718082427978516,3
IYD-,1.6717536449432373,3
CY-S,1.67124342918396,3
SYW-,1.6712429523468018,3
CY-Y,1.6710269451141357,3
HWL-,1.6709548234939575,3
HWF-,1.6706149578094482,3
AW-T,1.670313835144043,3
AWE-,1.670313835144043,3
YVI-,1.670247197151184,3
AYN-,1.669527292251587,3
HW-V,1.6692314147949219,3
VC-C,1.668837308883667,3
LI-A,1.668264389038086,3
FVI-,1.6674360036849976,3
YVV-,1.6671605110168457,3
LH-V,1.6668951511383057,3
FW-Y,1.6668758392333984,3
TFW-,1.6663812398910522,3
CVV-,1.6651748418807983,3
YVF-,1.664379358291626,3
GFC-,1.6637904644012451,3
YY-S,1.663766860961914,3
FW-G,1.6632823944091797,3
FFS-,1.6632437705993652,3
MW-Y,1.6629266738891602,3
SWW-,1.662881851196289,3
IF-P,1.6612906455993652,3
MY-R,1.6612226963043213,3
MW-L,1.660691499710083,3
CW-S,1.660284161567688,3
FW-F,1.66006600856781,3
WW-T,1.659354567527771,3
WWE-,1.659354567527771,3
-YGC,1.6586980819702148,3
TWT-,1.658563256263733,3
HYY-,1.6583831310272217,3
TYH-,1.657962679862976,3
MW-G,1.6577486991882324,3
WY-T,1.6576685905456543,3
WYE-,1.6576685905456543,3
AY-F,1.6576637029647827,3
AW-Y,1.6575721502304077,3
AYE-,1.6575000286102295,3
AY-T,1.6575000286102295,3
LW-E,1.6574440002441406,3
ICF-,1.6572638750076294,3
CWQ-,1.6570892333984375,3
AVY-,1.6570274829864502,3
FY-H,1.6568641662597656,3
VF-S,1.6566779613494873,3
YVY-,1.6566431522369385,3
MW-N,1.6561577320098877,3
NWM-,1.6560064554214478,3
CVA-,1.6559031009674072,3
WYK-,1.6548919677734375,3
NWW-,1.6545344591140747,3
MY-P,1.653035283088684,3
AIG-,1.6525704860687256,3
LSG-,1.6525388956069946,3
TVC-,1.6522117853164673,3
KWW-,1.6520110368728638,3
FY-K,1.6513609886169434,3
CYQ-,1.6511790752410889,3
FY-P,1.650597095489502,3
AW-F,1.6505428552627563,3
GF-V,1.6493191719055176,3
MIA-,1.649216890335083,3
CW-Y,1.6490685939788818,3
MVF-,1.648831844329834,3
MV-C,1.6484758853912354,3
FWP-,1.648364543914795,3
LF-R,1.6481561660766602,3
VY-E,1.6476033926010132,3
WYQ-,1.6473956108093262,3
AY-L,1.6468664407730103,3
FW-L,1.6468605995178223,3
WVC-,1.6467556953430176,3
TWH-,1.6466670036315918,3
AYK-,1.646280288696289,3
IMA-,1.6462392807006836,3
AY-Y,1.646199345588684,3
CW-F,1.6461045742034912,3
CVF-,1.6452887058258057,3
AV-C,1.6447288990020752,3
MF-I,1.644385576248169,3
FAG-,1.6443613767623901,3
FIC-,1.6443381309509277,3
CY-G,1.6437169313430786,3
YY-L,1.6435503959655762,3
LVH-,1.642512321472168,3
AWQ-,1.6421005725860596,3
VIW-,1.642019510269165,3
-YVV,1.641688585281372,3
V-GC,1.6415046453475952,3
TWN-,1.6412012577056885,3
YIA-,1.6405349969863892,3
FY-M,1.6395416259765625,3
YY-F,1.6393892765045166,3
YY-G,1.6391894817352295,3
YY-N,1.6386897563934326,3
EW-V,1.6380608081817627,3
TY-F,1.63800048828125,3
HY-C,1.637518286705017,3
MCA-,1.6374006271362305,3
-YFV,1.6372854709625244,3
RFA-,1.6369714736938477,3
LF-M,1.6367053985595703,3
VC-V,1.6365735530853271,3
WWQ-,1.6363191604614258,3
TVF-,1.6356943845748901,3
IVQ-,1.635627269744873,3
AYQ-,1.635533332824707,3
FFH-,1.6347992420196533,3
LVK-,1.6347851753234863,3
TY-G,1.6347501277923584,3
CY-N,1.6346728801727295,3
IHC-,1.6345316171646118,3
CWK-,1.633842945098877,3
LV-I,1.633695125579834,3
RFC-,1.6336877346038818,3
FFT-,1.6334911584854126,3
-YAV,1.63336980342865,3
CY-W,1.633223295211792,3
-YIA,1.6329896450042725,3
LA-A,1.6328697204589844,3
LF-K,1.6322619915008545,3
MW-W,1.6319595575332642,3
LH-C,1.6317286491394043,3
FVW-,1.631260633468628,3
TYN-,1.6310145854949951,3
IF-Q,1.6309000253677368,3
IV-I,1.6306915283203125,3
VCM-,1.630642294883728,3
IVK-,1.6302342414855957,3
ICV-,1.6295979022979736,3
TY-L,1.629289984703064,3
LCV-,1.629001498222351,3
HW-C,1.6288033723831177,3
AY-W,1.6273889541625977,3
EW-C,1.627354383468628,3
LVQ-,1.627267837524414,3
WVI-,1.627219319343567,3
QYM-,1.626781702041626,3
QWY-,1.626713514328003,3
QYW-,1.626352310180664,3
VVR-,1.6263113021850586,3
VVT-,1.6261271238327026,3
MY-M,1.625619649887085,3
MVY-,1.6250733137130737,3
CVY-,1.6249712705612183,3
CWP-,1.6249616146087646,3
EY-V,1.6243867874145508,3
EYY-,1.6243356466293335,3
AW-S,1.6236331462860107,3
MY-H,1.6229591369628906,3
RY-I,1.622206211090088,3
VCW-,1.621368646621704,3
WWK-,1.6213610172271729,3
TW-F,1.621189832687378,3
WF-A,1.6211674213409424,3
WY-L,1.6194634437561035,3
FIY-,1.619376540184021,3
LV-T,1.6189045906066895,3
LVE-,1.6189045906066895,3
MY-K,1.6187169551849365,3
ING-,1.6184695959091187,3
LYD-,1.6181106567382812,3
WY-S,1.618065595626831,3
VF-N,1.6180648803710938,3
AW-W,1.6173175573349,3
TYK-,1.6169601678848267,3
IH-C,1.6168819665908813,3
EWY-,1.616766333580017,3
AVM-,1.6166656017303467,3
CW-L,1.6162760257720947,3
AWK-,1.6162136793136597,3
LHY-,1.6160523891448975,3
CW-N,1.6159493923187256,3
MV-V,1.615728497505188,3
FW-W,1.6154382228851318,3
YW-S,1.614731788635254,3
AY-S,1.6147170066833496,3
IV-T,1.6142576932907104,3
IVE-,1.6142576932907104,3
AII-,1.6139190196990967,3
TW-Y,1.6136618852615356,3
TV-C,1.6134436130523682,3
IHY-,1.613351821899414,3
YY-Y,1.612323522567749,3
TWE-,1.6114132404327393,3
TW-T,1.6114132404327393,3
WY-F,1.6111493110656738,3
LF-H,1.6108940839767456,3
HYM-,1.610642671585083,3
LF-P,1.6104483604431152,3
RFF-,1.610111117362976,3
FVM-,1.6097015142440796,3
TY-Y,1.6094907522201538,3
-YLA,1.6094123125076294,3
VHC-,1.607923984527588,3
AY-G,1.60774564743042,3
NY-A,1.6076867580413818,3
TYE-,1.6076717376708984,3
TY-T,1.6076717376708984,3
-WAV,1.607325553894043,3
GFW-,1.606867790222168,3
CW-G,1.6067101955413818,3
FW-R,1.606391191482544,3
VAW-,1.6061744689941406,3
TY-W,1.6054291725158691,3
VF-G,1.6045714616775513,3
TYQ-,1.6043953895568848,3
QWM-,1.6043329238891602,3
MFS-,1.6041364669799805,3
CF-I,1.6030917167663574,3
II-A,1.602293610572815,3
-YVC,1.6018762588500977,3
AW-L,1.601619005203247,3
YF-I,1.6015040874481201,3
-WGC,1.601477861404419,3
ICR-,1.6006420850753784,3
-YIC,1.6004382371902466,3
YIC-,1.600426197052002,3
VI-V,1.6001285314559937,3
IMC-,1.5994620323181152,3
WVV-,1.598853349685669,3
SY-A,1.5987868309020996,3
MFR-,1.5985794067382812,3
CW-W,1.5978844165802002,3
EY-C,1.596773386001587,3
GF-C,1.5965051651000977,3
MIC-,1.5964746475219727,3
MVM-,1.596054196357727,3
TF-A,1.5957701206207275,3
YV-C,1.5954151153564453,3
RFY-,1.5950886011123657,3
TWQ-,1.5942834615707397,3
QY-A,1.5933005809783936,3
WVY-,1.5929601192474365,3
VF-M,1.592944622039795,3
WY-Y,1.5929254293441772,3
WW-S,1.5922203063964844,3
HYW-,1.5919630527496338,3
VVS-,1.5918452739715576,3
CY-R,1.591521978378296,3
FFN-,1.5910842418670654,3
IH-V,1.5901994705200195,3
WY-N,1.589821457862854,3
HWY-,1.5893261432647705,3
SW-A,1.588937520980835,3
CIG-,1.5887722969055176,3
AW-G,1.5884740352630615,3
IAR-,1.5884559154510498,3
AF-A,1.5873692035675049,3
LMC-,1.5867687463760376,3
GYR-,1.586318016052246,3
IWD-,1.58481764793396,3
WY-G,1.5846598148345947,3
IA-A,1.5846353769302368,3
YFR-,1.5845143795013428,3
TW-S,1.5841801166534424,3
TW-W,1.58413565158844,3
FIF-,1.5831836462020874,3
MW-R,1.5827971696853638,3
AV-V,1.5827739238739014,3
TY-S,1.5819103717803955,3
-YLC,1.5818932056427002,3
-YAC,1.5817620754241943,3
HWM-,1.581563949584961,3
-YCV,1.581366777420044,3
MFT-,1.581223964691162,3
CV-C,1.5811272859573364,3
KY-A,1.5808093547821045,3
TW-L,1.580378770828247,3
QWW-,1.5797642469406128,3
VVN-,1.579723596572876,3
TW-G,1.5796256065368652,3
AW-N,1.5794132947921753,3
FW-H,1.5793709754943848,3
CVM-,1.5792545080184937,3
TWK-,1.5789878368377686,3
RW-I,1.578608751296997,3
GYT-,1.5781657695770264,3
CY-H,1.577331781387329,3
YWL-,1.5766112804412842,3
CY-M,1.5763943195343018,3
YW-N,1.5762608051300049,3
-YYV,1.5760478973388672,3
YY-W,1.5759501457214355,3
LF-Q,1.5758509635925293,3
VA-V,1.5753577947616577,3
I-GA,1.5753408670425415,3
LIS-,1.5753321647644043,3
EYW-,1.5749040842056274,3
WVF-,1.573875904083252,3
AWP-,1.5738328695297241,3
WV-C,1.5737618207931519,3
FV-A,1.5736128091812134,3
YVW-,1.5732978582382202,3
MW-H,1.5724995136260986,3
YFS-,1.5721001625061035,3
YY-R,1.571730136871338,3
GW-I,1.5715481042861938,3
GFM-,1.5708727836608887,3
EWM-,1.5706546306610107,3
EWW-,1.5704114437103271,3
AY-N,1.5703824758529663,3
LWD-,1.5699326992034912,3
IRG-,1.569401741027832,3
YW-Y,1.5693116188049316,3
MIV-,1.568786382675171,3
PWG-,1.568570852279663,3
LAN-,1.5684430599212646,3
FY-Q,1.567941665649414,3
LAS-,1.5677216053009033,3
CVW-,1.5676140785217285,3
VH-C,1.5670281648635864,3
YW-F,1.5667343139648438,3
IAF-,1.5667219161987305,3
LIL-,1.5665867328643799,3
LTA-,1.566209316253662,3
VV-I,1.566042423248291,3
TVY-,1.5649645328521729,3
TY-N,1.5646190643310547,3
AIV-,1.5642625093460083,3
YVM-,1.5642499923706055,3
IY-D,1.5633058547973633,3
LIN-,1.5630295276641846,3
IIS-,1.5626933574676514,3
LIR-,1.5626791715621948,3
VF-H,1.5625572204589844,3
PYG-,1.5625303983688354,3
LH-A,1.562417984008789,3
AIA-,1.562378168106079,3
VW-E,1.5618656873703003,3
MW-M,1.5615370273590088,3
-WAC,1.5614010095596313,3
FFQ-,1.560957908630371,3
CV-V,1.5604206323623657,3
IAH-,1.5597178936004639,3
MFH-,1.5591731071472168,3
YIF-,1.5590956211090088,3
FAY-,1.559006929397583,3
CW-H,1.558541178703308,3
VF-R,1.5582975149154663,3
YV-V,1.5582678318023682,3
LAR-,1.5575510263442993,3
GYN-,1.5570846796035767,3
WY-R,1.5569190979003906,3
TWP-,1.5562150478363037,3
GYH-,1.555908203125,3
YW-G,1.5558862686157227,3
MY-Q,1.555814504623413,3
RF-V,1.5556981563568115,3
EYM-,1.555559754371643,3
LIT-,1.555524230003357,3
YFT-,1.5553975105285645,3
YWP-,1.5549170970916748,3
NY-I,1.554842472076416,3
MVW-,1.5547125339508057,3
WW-Y,1.554173469543457,3
WY-W,1.5541260242462158,3
LHW-,1.5540440082550049,3
L-GA,1.553802251815796,3
AVW-,1.5527461767196655,3
CW-R,1.5526783466339111,3
LLA-,1.552404761314392,3
FW-K,1.551559329032898,3
IAN-,1.5512232780456543,3
NW-A,1.5508239269256592,3
TVM-,1.549699068069458,3
IIR-,1.5493770837783813,3
FFK-,1.5490031242370605,3
CIC-,1.5486376285552979,3
YIY-,1.5482733249664307,3
LV-S,1.5469551086425781,3
WW-F,1.5464704036712646,3
VC-A,1.5463793277740479,3
AIL-,1.5454041957855225,3
IIT-,1.5453749895095825,3
IIL-,1.5453565120697021,3
WW-N,1.5450749397277832,3
CY-P,1.5447218418121338,3
MFP-,1.5440131425857544,3
YW-L,1.5433770418167114,3
KW-A,1.5433690547943115,3
-YGA,1.5431290864944458,3
LLV-,1.5427688360214233,3
VCF-,1.5425543785095215,3
LTG-,1.5424470901489258,3
AF-I,1.5418248176574707,3
IV-Y,1.5417027473449707,3
LSA-,1.5416462421417236,3
ICH-,1.540677547454834,3
VVH-,1.5403879880905151,3
HWW-,1.5403172969818115,3
FHA-,1.5400828123092651,3
IVP-,1.538938283920288,3
LCR-,1.5383503437042236,3
FW-M,1.538332223892212,3
FFP-,1.5383052825927734,3
LCS-,1.5381160974502563,3
MCC-,1.5379455089569092,3
-YFC,1.5374995470046997,3
YFH-,1.5369865894317627,3
TW-N,1.5369569063186646,3
LAF-,1.536130666732788,3
IM-C,1.535882592201233,3
AIF-,1.5358107089996338,3
IV-W,1.5356184244155884,3
FF-T,1.5353662967681885,3
FFE-,1.5353662967681885,3
KY-I,1.53531014919281,3
-YVA,1.5345501899719238,3
CW-M,1.5339937210083008,3
FI-C,1.5338349342346191,3
WW-L,1.5336359739303589,3
CFR-,1.5333324670791626,3
PWI-,1.5326251983642578,3
LY-D,1.5325367450714111,3
ICS-,1.5324327945709229,3
WF-I,1.532102346420288,3
YY-H,1.5319581031799316,3
VIL-,1.531786322593689,3
YY-P,1.5315155982971191,3
IAT-,1.5314230918884277,3
RF-C,1.5313197374343872,3
QW-A,1.5311737060546875,3
MW-K,1.530954360961914,3
GYS-,1.5299280881881714,3
YY-K,1.529853343963623,3
PYI-,1.529678463935852,3
IMY-,1.5288478136062622,3
TF-I,1.5286128520965576,3
MCV-,1.5280420780181885,3
IC-I,1.5273892879486084,3
ILV-,1.527243733406067,3
MIF-,1.5260350704193115,3
MW-P,1.5259535312652588,3
MII-,1.5258091688156128,3
IV-S,1.5255508422851562,3
WV-V,1.5253925323486328,3
VVQ-,1.5250189304351807,3
FCC-,1.5249426364898682,3
FW-P,1.5237326622009277,3
ILC-,1.5236172676086426,3
LAH-,1.5226101875305176,3
AY-R,1.5222841501235962,3
WY-H,1.5218321084976196,3
TY-R,1.5217442512512207,3
HY-A,1.5211690664291382,3
WW-G,1.5201560258865356,3
IIH-,1.5198054313659668,3
IIN-,1.5194714069366455,3
PWL-,1.5188806056976318,3
RFW-,1.5176576375961304,3
CY-K,1.5175220966339111,3
FIV-,1.5174678564071655,3
IAS-,1.5168571472167969,3
AW-H,1.5160855054855347,3
PYL-,1.5159823894500732,3
LAM-,1.515150547027588,3
MIY-,1.515087604522705,3
TY-P,1.5145297050476074,3
LV-Y,1.5140694379806519,3
MVL-,1.51383638381958,3
YW-W,1.5137214660644531,3
IAM-,1.5134646892547607,3
AY-M,1.5124198198318481,3
TV-V,1.5120254755020142,3
AIY-,1.511919379234314,3
YIV-,1.5117392539978027,3
VH-V,1.5115101337432861,3
LIH-,1.5114350318908691,3
VI-A,1.510094165802002,3
VHY-,1.5100808143615723,3
LAT-,1.510036826133728,3
SY-I,1.5095794200897217,3
MV-A,1.5095360279083252,3
YFN-,1.5091915130615234,3
AW-M,1.5090326070785522,3
YW-R,1.5084768533706665,3
ICQ-,1.5077229738235474,3
TY-M,1.507712721824646,3
LLC-,1.5072002410888672,3
VMG-,1.505666971206665,3
ICK-,1.5055155754089355,3
WVW-,1.50551438331604,3
GWN-,1.5053422451019287,3
LMY-,1.5046809911727905,3
-YGI,1.5046076774597168,3
VVK-,1.5045548677444458,3
V-GV,1.5042102336883545,3
AIC-,1.5041463375091553,3
LV-F,1.5041282176971436,3
LV-W,1.5038806200027466,3
AW-R,1.5037659406661987,3
MFN-,1.503678798675537,3
SW-I,1.5028551816940308,3
WW-R,1.5026229619979858,3
LLI-,1.5022674798965454,3
VF-K,1.502117395401001,3
VV-T,1.5017932653427124,3
VVE-,1.5017932653427124,3
CFS-,1.5011157989501953,3
RYS-,1.5008800029754639,3
WW-W,1.5008213520050049,3
EY-A,1.500751256942749,3
-WCV,1.5007364749908447,3
QY-I,1.5004515647888184,3
FIW-,1.499664545059204,3
WY-M,1.4994804859161377,3
IV-F,1.4986547231674194,3
EW-A,1.4982249736785889,3
LAK-,1.4981603622436523,3
YY-M,1.4981125593185425,3
NW-I,1.497918725013733,3
MI-C,1.4970201253890991,3
IC-T,1.4969005584716797,3
ICE-,1.4969005584716797,3
AY-H,1.496744155883789,3
WFR-,1.4966803789138794,3
WVM-,1.4962775707244873,3
LV-N,1.4961016178131104,3
-YFA,1.4960790872573853,3
CIF-,1.4960567951202393,3
GWR-,1.49605393409729,3
LC-I,1.495840072631836,3
IAK-,1.4957886934280396,3
RWN-,1.4956607818603516,3
MFQ-,1.4952908754348755,3
ICN-,1.494938611984253,3
KW-I,1.4947158098220825,3
MFK-,1.4944227933883667,3
MW-Q,1.494185447692871,3
LHM-,1.4931557178497314,3
RYT-,1.4930965900421143,3
FW-Q,1.4930490255355835,3
RFM-,1.49300217628479,3
LNA-,1.492868423461914,3
LIK-,1.4928553104400635,3
TW-M,1.492733359336853,3
LIE-,1.492323875427246,3
LI-T,1.492323875427246,3
ILA-,1.4920209646224976,3
FI-V,1.4919686317443848,3
LCN-,1.4919054508209229,3
CFT-,1.4910633563995361,3
FA-C,1.4907872676849365,3
-WGA,1.4906432628631592,3
FAC-,1.4905166625976562,3
IAV-,1.4893518686294556,3
ILI-,1.489244818687439,3
HW-A,1.4886391162872314,3
CFH-,1.4883999824523926,3
YII-,1.4883620738983154,3
WWP-,1.4878021478652954,3
VYD-,1.4869706630706787,3
IL-C,1.4869074821472168,3
TY-H,1.4867303371429443,3
VF-P,1.4865601062774658,3
VNG-,1.4863417148590088,3
ILF-,1.4863383769989014,3
ICT-,1.4856675863265991,3
WY-P,1.4856159687042236,3
LIQ-,1.4853942394256592,3
CIY-,1.4853554964065552,3
MFE-,1.4836746454238892,3
MF-T,1.4836746454238892,3
FIM-,1.4836349487304688,3
YW-H,1.4836188554763794,3
LLF-,1.483494758605957,3
RWS-,1.4833741188049316,3
TVW-,1.4831693172454834,3
FVR-,1.4808270931243896,3
VRG-,1.4807608127593994,3
GY-T,1.4807548522949219,3
GYE-,1.4807548522949219,3
FF-F,1.4805817604064941,3
AFR-,1.4799127578735352,3
FVN-,1.4798054695129395,3
WW-H,1.4797897338867188,3
GF-A,1.478813886642456,3
GYP-,1.4784704446792603,3
FII-,1.4781723022460938,3
CFP-,1.4780950546264648,3
TW-R,1.4778051376342773,3
RWR-,1.4775822162628174,3
CIA-,1.4772511720657349,3
RYR-,1.477164387702942,3
CII-,1.4768242835998535,3
CW-K,1.4765262603759766,3
TW-H,1.476285457611084,3
VAR-,1.4762582778930664,3
CIV-,1.4759806394577026,3
VIT-,1.475482702255249,3
MCF-,1.4753005504608154,3
FCY-,1.4748992919921875,3
AI-C,1.474855899810791,3
WY-K,1.4745688438415527,3
IAQ-,1.4743103981018066,3
YFQ-,1.4738950729370117,3
FF-Y,1.473771095275879,3
PYV-,1.4735063314437866,3
AY-P,1.4732415676116943,3
VMA-,1.4728295803070068,3
RYP-,1.4727189540863037,3
LCH-,1.4727094173431396,3
ILY-,1.4718959331512451,3
IHR-,1.471693515777588,3
CY-Q,1.4716607332229614,3
FF-S,1.471527099609375,3
FVT-,1.4714171886444092,3
VV-Y,1.4710972309112549,3
LM-C,1.47074294090271,3
PWV-,1.4704523086547852,3
YFK-,1.4704018831253052,3
IHW-,1.4695396423339844,3
VIR-,1.4691636562347412,3
LI-I,1.468606948852539,3
RWT-,1.4685287475585938,3
LHS-,1.4679466485977173,3
LHR-,1.4668898582458496,3
GYK-,1.466522216796875,3
VA-A,1.4664404392242432,3
LCK-,1.4659785032272339,3
HY-I,1.465299367904663,3
IF-E,1.4652620553970337,3
YV-A,1.4638757705688477,3
VF-Q,1.4633285999298096,3
AY-K,1.4630274772644043,3
NYR-,1.4628970623016357,3
LCT-,1.4625039100646973,3
MIM-,1.4615625143051147,3
RYN-,1.4610955715179443,3
GYQ-,1.4607038497924805,3
AV-A,1.460658073425293,3
LLY-,1.4604487419128418,3
CW-P,1.460304617881775,3
NYP-,1.460296869277954,3
YIW-,1.4597070217132568,3
VV-W,1.4595537185668945,3
IW-D,1.4592442512512207,3
LV-G,1.4588483572006226,3
VCV-,1.458275318145752,3
RYH-,1.4579194784164429,3
FF-L,1.4577000141143799,3
LHF-,1.457529902458191,3
CV-A,1.4573020935058594,3
YF-T,1.4569308757781982,3
YFE-,1.4569308757781982,3
WFS-,1.4566617012023926,3
IIK-,1.4559197425842285,3
LAQ-,1.4551663398742676,3
WVL-,1.455132246017456,3
IV-N,1.4547628164291382,3
CW-Q,1.4544984102249146,3
IH-A,1.4540271759033203,3
IIQ-,1.4538850784301758,3
ISG-,1.453704833984375,3
WFH-,1.4536044597625732,3
YI-C,1.4530260562896729,3
YW-K,1.4528719186782837,3
IIE-,1.4528255462646484,3
II-T,1.4528255462646484,3
TY-K,1.452491044998169,3
RWH-,1.451074481010437,3
LCE-,1.450664758682251,3
LC-T,1.450664758682251,3
VVP-,1.4504903554916382,3
VCR-,1.4500758647918701,3
MI-V,1.4488723278045654,3
FA-V,1.4473919868469238,3
YIM-,1.447237253189087,3
LCQ-,1.4472072124481201,3
VLG-,1.4470689296722412,3
AIM-,1.4468495845794678,3
VV-F,1.44590425491333,3
LQG-,1.4458539485931396,3
NYT-,1.4454874992370605,3
IA-T,1.4454636573791504,3
IAE-,1.4454636573791504,3
LW-D,1.4449021816253662,3
MC-V,1.4448542594909668,3
MIW-,1.444716215133667,3
YY-Q,1.4434022903442383,3
RYK-,1.4432036876678467,3
FF-N,1.4428552389144897,3
FC-V,1.4427673816680908,3
MF-F,1.442739725112915,3
LMF-,1.442038655281067,3
LMM-,1.441751480102539,3
LHN-,1.4415175914764404,3
WW-M,1.4414801597595215,3
CFN-,1.4403607845306396,3
VWD-,1.4398894309997559,3
LVP-,1.439449667930603,3
CVL-,1.4392712116241455,3
WFT-,1.4392197132110596,3
VIS-,1.4392082691192627,3
YVL-,1.4386595487594604,3
LA-T,1.4385579824447632,3
LAE-,1.4385579824447632,3
GY-L,1.4383440017700195,3
QW-I,1.4378769397735596,3
LL-C,1.4373329877853394,3
TFR-,1.4369128942489624,3
-YAI,1.4367702007293701,3
FVS-,1.4365828037261963,3
YW-M,1.4356682300567627,3
LMW-,1.4353663921356201,3
CF-T,1.4353175163269043,3
CFE-,1.4353175163269043,3
AW-K,1.4346845149993896,3
MCM-,1.4345930814743042,3
MCY-,1.4340462684631348,3
FF-W,1.4339758157730103,3
II-I,1.4334115982055664,3
GY-F,1.4334087371826172,3
YFP-,1.4333195686340332,3
WY-Q,1.4326486587524414,3
FAW-,1.4318773746490479,3
-YCA,1.4317824840545654,3
-WGI,1.4310568571090698,3
WV-A,1.4309788942337036,3
GWH-,1.4303867816925049,3
IA-I,1.4297280311584473,3
TV-A,1.4291667938232422,3
IMF-,1.4288828372955322,3
TFS-,1.4285304546356201,3
-YAA,1.4283092021942139,3
IMW-,1.4279038906097412,3
FVH-,1.4275140762329102,3
ICI-,1.4272150993347168,3
MF-Y,1.426438570022583,3
TFT-,1.4263627529144287,3
MF-S,1.4252302646636963,3
PWA-,1.4247052669525146,3
AFT-,1.4244465827941895,3
VAM-,1.4241831302642822,3
CIW-,1.4241576194763184,3
SWR-,1.4237370491027832,3
VAF-,1.4237101078033447,3
GWT-,1.4233014583587646,3
NYH-,1.423093557357788,3
FF-G,1.4230904579162598,3
RF-A,1.4229233264923096,3
VAT-,1.422762155532837,3
VV-S,1.422757863998413,3
CF-F,1.4227185249328613,3
KYR-,1.4224761724472046,3
IMM-,1.4223606586456299,3
MF-L,1.4220714569091797,3
IHN-,1.4219942092895508,3
NWR-,1.4209437370300293,3
LA-I,1.4209222793579102,3
CIM-,1.4207370281219482,3
WW-K,1.4184974431991577,3
AFS-,1.418442726135254,3
AFH-,1.4182004928588867,3
CI-C,1.4178309440612793,3
CF-Y,1.417691707611084,3
YW-P,1.4176411628723145,3
-YYC,1.4168524742126465,3
LI-S,1.4163998365402222,3
FI-A,1.4160069227218628,3
-YYA,1.4157510995864868,3
MVS-,1.4152791500091553,3
GY-S,1.4149322509765625,3
TW-P,1.4147924184799194,3
RW-T,1.4146597385406494,3
RWE-,1.4146597385406494,3
RY-T,1.4143199920654297,3
RYE-,1.4143199920654297,3
VAH-,1.4142167568206787,3
HW-I,1.4126880168914795,3
VHW-,1.4122791290283203,3
CFQ-,1.4122790098190308,3
WFN-,1.41213858127594,3
IC-S,1.4118664264678955,3
RWK-,1.4114038944244385,3
KYP-,1.4114006757736206,3
LCI-,1.4113144874572754,3
FWL-,1.4112777709960938,3
WW-P,1.4111489057540894,3
MF-W,1.4110585451126099,3
VY-D,1.4109485149383545,3
-WAA,1.4107965230941772,3
PYA-,1.409449815750122,3
LCP-,1.4080750942230225,3
VIH-,1.4078896045684814,3
GW-T,1.4069477319717407,3
GWE-,1.4069477319717407,3
GWS-,1.4064738750457764,3
IM-V,1.406041145324707,3
AY-Q,1.4059711694717407,3
YI-V,1.40543794631958,3
LLM-,1.4052358865737915,3
LM-V,1.4044358730316162,3
AW-P,1.4041721820831299,3
TW-K,1.4039649963378906,3
LF-E,1.4034717082977295,3
GY-Y,1.4032812118530273,3
-WMC,1.4031239748001099,3
ICP-,1.4027643203735352,3
LHK-,1.4026072025299072,3
LH-I,1.402334451675415,3
YVR-,1.4018652439117432,3
MF-N,1.4010543823242188,3
FC-C,1.4007338285446167,3
LL-V,1.4007288217544556,3
VAN-,1.4006783962249756,3
MVR-,1.400585651397705,3
AW-Q,1.4002145528793335,3
LV-P,1.3998560905456543,3
TY-Q,1.3995709419250488,3
IC-W,1.3994336128234863,3
AIW-,1.3988010883331299,3
FVL-,1.3987938165664673,3
IC-Y,1.3987008333206177,3
IL-V,1.3985888957977295,3
GF-I,1.3980892896652222,3
KWR-,1.397856593132019,3
SYR-,1.3974226713180542,3
MF-G,1.3973939418792725,3
PYF-,1.3972158432006836,3
CFK-,1.3969297409057617,3
VC-I,1.39692223072052,3
IV-L,1.3963658809661865,3
LV-L,1.3963652849197388,3
YW-Q,1.3947749137878418,3
GY-G,1.394747018814087,3
IHT-,1.3946137428283691,3
VIN-,1.3940248489379883,3
NYS-,1.3938772678375244,3
RY-L,1.3936134576797485,3
WW-Q,1.391065239906311,3
YF-F,1.3908517360687256,3
IHM-,1.3907837867736816,3
IHK-,1.3904528617858887,3
VH-A,1.390331745147705,3
FV-I,1.390271544456482,3
LAV-,1.3896913528442383,3
I-TC,1.3892182111740112,3
VAS-,1.3891716003417969,3
ILM-,1.3888075351715088,3
TFH-,1.3873655796051025,3
MCI-,1.3873564004898071,3
LV-M,1.3873069286346436,3
PWF-,1.386508822441101,3
RYQ-,1.3861806392669678,3
L-TC,1.385422945022583,3
RWQ-,1.3853535652160645,3
I-GI,1.3853390216827393,3
MVT-,1.3852330446243286,3
AI-V,1.384955883026123,3
L-AT,1.3848540782928467,3
LGA-,1.3848540782928467,3
IC-F,1.384586215019226,3
AFP-,1.3845559358596802,3
YVN-,1.3844242095947266,3
CF-L,1.3838708400726318,3
-YCC,1.3838682174682617,3
KYT-,1.3838609457015991,3
SYT-,1.3834865093231201,3
NWT-,1.383315920829773,3
IV-G,1.3827011585235596,3
GY-W,1.3826428651809692,3
LNT-,1.3818752765655518,3
YVT-,1.3817415237426758,3
RY-G,1.3810888528823853,3
QYR-,1.3807018995285034,3
LI-Y,1.3804476261138916,3
IFD-,1.3803977966308594,3
CF-W,1.3795865774154663,3
YF-Y,1.379518985748291,3
YF-S,1.3793056011199951,3
I-GY,1.3788645267486572,3
LHH-,1.3788620233535767,3
VMY-,1.3785231113433838,3
LHT-,1.3783648014068604,3
NWH-,1.3782867193222046,3
FCW-,1.3779653310775757,3
CI-V,1.3779553174972534,3
RWP-,1.3775891065597534,3
GWQ-,1.3775889873504639,3
FF-R,1.3773702383041382,3
WFQ-,1.3772281408309937,3
MVN-,1.375732183456421,3
CF-S,1.3753634691238403,3
-YCI,1.3753018379211426,3
TW-Q,1.3746132850646973,3
LC-S,1.374361276626587,3
FVQ-,1.3742798566818237,3
LI-W,1.3737608194351196,3
SWT-,1.373587727546692,3
WFE-,1.373453140258789,3
WF-T,1.373453140258789,3
VAK-,1.37322998046875,3
L-GT,1.3729745149612427,3
LGG-,1.3729745149612427,3
-WLA,1.3727352619171143,3
IHH-,1.3727283477783203,3
IMV-,1.372011661529541,3
MV-I,1.3719323873519897,3
FC-A,1.3719017505645752,3
MC-C,1.3714189529418945,3
VHR-,1.3711764812469482,3
KYS-,1.3710858821868896,3
GY-N,1.3710200786590576,3
SYP-,1.3709194660186768,3
RY-F,1.370383620262146,3
LV-R,1.3703455924987793,3
RY-S,1.369775652885437,3
RW-S,1.3694525957107544,3
PW-C,1.3692212104797363,3
KYH-,1.3688018321990967,3
VHM-,1.3687009811401367,3
FMA-,1.3686370849609375,3
LMV-,1.3671629428863525,3
LI-N,1.3671061992645264,3
IV-M,1.3667802810668945,3
SWH-,1.366599202156067,3
EW-I,1.366371750831604,3
II-Y,1.3662364482879639,3
AF-Y,1.366053581237793,3
PWC-,1.3658359050750732,3
II-S,1.3656558990478516,3
VIQ-,1.3654224872589111,3
EY-I,1.3653727769851685,3
YF-L,1.3648810386657715,3
AVR-,1.3646008968353271,3
-WCA,1.3643594980239868,3
QYT-,1.3643196821212769,3
II-W,1.3640518188476562,3
VI-I,1.3640170097351074,3
AF-F,1.363917350769043,3
YVS-,1.3636797666549683,3
-WAI,1.3630132675170898,3
NYN-,1.362220048904419,3
PYY-,1.361950397491455,3
WFK-,1.361803412437439,3
MCW-,1.361601710319519,3
FCF-,1.360997200012207,3
FVK-,1.3608810901641846,3
LST-,1.3608298301696777,3
PYC-,1.3607923984527588,3
QYP-,1.3606610298156738,3
FVE-,1.3604464530944824,3
FV-T,1.3604464530944824,3
MC-A,1.360182285308838,3
MI-A,1.3600479364395142,3
EWR-,1.359910011291504,3
VCH-,1.3587994575500488,3
NWN-,1.3587827682495117,3
V-GA,1.358139991760254,3
VCS-,1.3581206798553467,3
-WIA,1.3577171564102173,3
LI-F,1.3574159145355225,3
MIL-,1.3570209741592407,3
TFP-,1.3568668365478516,3
YF-N,1.3566412925720215,3
LV-H,1.356482744216919,3
ILL-,1.3562285900115967,3
VV-N,1.3561862707138062,3
-WFA,1.3561160564422607,3
IA-S,1.3560174703598022,3
I-RC,1.3554885387420654,3
QWR-,1.3548232316970825,3
GW-F,1.3546419143676758,3
SWN-,1.3539609909057617,3
L-TV,1.3539245128631592,3
RW-F,1.3538624048233032,3
LM-A,1.3533265590667725,3
TF-F,1.3529412746429443,3
VIK-,1.3529270887374878,3
KWH-,1.3527815341949463,3
IHQ-,1.3523104190826416,3
-YYI,1.3515207767486572,3
LLW-,1.3514738082885742,3
KWN-,1.3513352870941162,3
VAQ-,1.3507030010223389,3
RW-Y,1.3503236770629883,3
L-RC,1.3502540588378906,3
WFP-,1.3500765562057495,3
IV-P,1.3500535488128662,3
DYI-,1.3497676849365234,3
-YIT,1.3497676849365234,3
-WFC,1.3494963645935059,3
AV-I,1.3494296073913574,3
IV-H,1.3493702411651611,3
LT-C,1.3492838144302368,3
VI-T,1.3489494323730469,3
VIE-,1.3489494323730469,3
I-GT,1.3482332229614258,3
IGG-,1.3482332229614258,3
FY-E,1.348183274269104,3
IC-N,1.3481831550598145,3
LKG-,1.3479464054107666,3
LHE-,1.3479361534118652,3
LH-T,1.3479361534118652,3
CF-N,1.347914457321167,3
LV-K,1.347699761390686,3
LA-S,1.347670555114746,3
GFR-,1.3468867540359497,3
LFD-,1.3468846082687378,3
AFQ-,1.3457587957382202,3
RY-Y,1.3455034494400024,3
MF-R,1.3452218770980835,3
RY-N,1.3451392650604248,3
SYH-,1.3451277017593384,3
IA-Y,1.3446942567825317,3
GW-Y,1.3444939851760864,3
LLL-,1.3443877696990967,3
INA-,1.3443810939788818,3
KWT-,1.343458890914917,3
-WYC,1.3429991006851196,3
FIR-,1.3429632186889648,3
FF-M,1.3429460525512695,3
-WVA,1.3428875207901,3
KWS-,1.3427894115447998,3
LC-G,1.3425236940383911,3
AF-W,1.3421306610107422,3
FF-H,1.341932773590088,3
L-SV,1.3418657779693604,3
ILW-,1.3417434692382812,3
VLY-,1.3417152166366577,3
IV-R,1.3416723012924194,3
RW-L,1.3413546085357666,3
L-SC,1.3412730693817139,3
L-GI,1.3410183191299438,3
FA-A,1.340929627418518,3
AFE-,1.3404303789138794,3
AF-T,1.3404303789138794,3
VCQ-,1.3399643898010254,3
LL-A,1.3399161100387573,3
LHQ-,1.3397382497787476,3
NWS-,1.3396692276000977,3
LC-N,1.339569091796875,3
IA-W,1.3393640518188477,3
TF-Y,1.339245080947876,3
ISA-,1.3388739824295044,3
RY-W,1.338759422302246,3
WF-F,1.3386422395706177,3
GW-S,1.338607668876648,3
YF-W,1.3384733200073242,3
FCM-,1.3382518291473389,3
HYR-,1.3380427360534668,3
WF-Y,1.3379580974578857,3
KYN-,1.3374900817871094,3
EWT-,1.3372952938079834,3
IGA-,1.337251901626587,3
I-AT,1.337251901626587,3
YI-A,1.3369908332824707,3
NYK-,1.3363211154937744,3
QYS-,1.336319923400879,3
L-AA,1.335205078125,3
NYQ-,1.3351280689239502,3
-YVI,1.3349535465240479,3
I-GW,1.3348619937896729,3
IHE-,1.3347653150558472,3
IH-T,1.3347653150558472,3
-WFV,1.3333930969238281,3
IHF-,1.333357334136963,3
AFK-,1.333329200744629,3
FIT-,1.333235263824463,3
LIP-,1.3330283164978027,3
FF-K,1.332766056060791,3
MY-E,1.332492709159851,3
RF-I,1.3322936296463013,3
LC-F,1.3318982124328613,3
I-NC,1.3317348957061768,3
CVR-,1.3316841125488281,3
SWS-,1.3316655158996582,3
EYT-,1.331620216369629,3
VCT-,1.3316088914871216,3
TFQ-,1.331437587738037,3
GY-R,1.3306931257247925,3
EYR-,1.3306881189346313,3
YF-G,1.3304146528244019,3
CV-I,1.3293540477752686,3
VAV-,1.328917384147644,3
VCK-,1.3287010192871094,3
AFN-,1.3286237716674805,3
EWH-,1.3282496929168701,3
MF-M,1.327932596206665,3
LV-Q,1.3269420862197876,3
CF-G,1.3267494440078735,3
TFK-,1.326686143875122,3
MVH-,1.3265769481658936,3
-YIS,1.3265197277069092,3
TF-W,1.3263964653015137,3
YVH-,1.3262877464294434,3
IIP-,1.3258968591690063,3
FF-P,1.3255329132080078,3
NY-F,1.3251028060913086,3
LTY-,1.3240609169006348,3
FAF-,1.3240325450897217,3
HWR-,1.3237597942352295,3
RW-N,1.3236026763916016,3
NYE-,1.3234004974365234,3
NY-T,1.3234004974365234,3
HYT-,1.3231662511825562,3
II-F,1.3218474388122559,3
SYS-,1.3213979005813599,3
RW-W,1.3210666179656982,3
DWI-,1.320993423461914,3
-WIT,1.320993423461914,3
SW-T,1.3208799362182617,3
SWE-,1.3208799362182617,3
LS-C,1.320324420928955,3
QYH-,1.3203139305114746,3
LN-C,1.3202645778656006,3
GFH-,1.3199219703674316,3
RW-G,1.319875717163086,3
AVT-,1.3193143606185913,3
WF-S,1.319172739982605,3
-WCC,1.3187360763549805,3
QWT-,1.318627953529358,3
VCI-,1.3182477951049805,3
L-RV,1.3176250457763672,3
VSG-,1.3176114559173584,3
IM-A,1.317289113998413,3
LI-G,1.31718111038208,3
VA-I,1.3168363571166992,3
VC-T,1.3168106079101562,3
VCE-,1.3168106079101562,3
-YLT,1.3158068656921387,3
DYL-,1.3158068656921387,3
GWK-,1.31569504737854,3
MF-H,1.3156009912490845,3
SWQ-,1.3155882358551025,3
IL-A,1.3155200481414795,3
TFE-,1.3152213096618652,3
TF-T,1.3152213096618652,3
GW-L,1.315090298652649,3
VLA-,1.3150362968444824,3
-YFI,1.3149747848510742,3
CF-R,1.3147790431976318,3
-WWC,1.3140782117843628,3
FYD-,1.3139283657073975,3
GW-G,1.3137344121932983,3
EWN-,1.3136863708496094,3
VV-L,1.3133587837219238,3
AVS-,1.3132542371749878,3
CVT-,1.3127585649490356,3
LC-Y,1.3125696182250977,3
TV-I,1.3108562231063843,3
AF-L,1.3103976249694824,3
NY-L,1.3101153373718262,3
TVT-,1.3100982904434204,3
SYN-,1.309082269668579,3
LN-V,1.3084449768066406,3
IC-G,1.308432936668396,3
I-AA,1.308316946029663,3
WF-L,1.3081943988800049,3
WVR-,1.308146357536316,3
L-KC,1.3080421686172485,3
EYP-,1.3079637289047241,3
IC-L,1.3076461553573608,3
VW-D,1.307572841644287,3
QWS-,1.307279109954834,3
VI-Y,1.3072344064712524,3
TFN-,1.307193398475647,3
VV-G,1.3071227073669434,3
CF-M,1.3070181608200073,3
QWN-,1.3063762187957764,3
VAE-,1.3063709735870361,3
VA-T,1.3063709735870361,3
L-NC,1.3062922954559326,3
KYQ-,1.3060638904571533,3
NWQ-,1.3053773641586304,3
I-SC,1.305304765701294,3
LA-N,1.3047025203704834,3
II-N,1.3045456409454346,3
GFT-,1.3044180870056152,3
KYK-,1.3043334484100342,3
GW-W,1.304213047027588,3
LC-W,1.3036203384399414,3
NWE-,1.3034769296646118,3
NW-T,1.3034769296646118,3
TF-L,1.3030235767364502,3
I-KC,1.3027914762496948,3
FIH-,1.3018076419830322,3
MVQ-,1.3017886877059937,3
I-TV,1.3017780780792236,3
HYS-,1.3016948699951172,3
GY-M,1.3016189336776733,3
CIL-,1.301518201828003,3
FIN-,1.3010473251342773,3
L-NV,1.3005280494689941,3
I-AV,1.3000091314315796,3
CI-A,1.2999255657196045,3
IH-I,1.2998802661895752,3
VI-W,1.2998580932617188,3
MF-P,1.2996430397033691,3
IAP-,1.2993239164352417,3
CF-H,1.2993147373199463,3
SW-F,1.299213171005249,3
GY-H,1.2986201047897339,3
QWH-,1.297763705253601,3
-WLT,1.2972338199615479,3
DWL-,1.2972338199615479,3
WF-W,1.296607494354248,3
MF-K,1.2965788841247559,3
L-GY,1.296215534210205,3
EYH-,1.2960360050201416,3
YIL-,1.296029806137085,3
KY-F,1.2957818508148193,3
NY-Y,1.2952743768692017,3
MVK-,1.2949020862579346,3
EWS-,1.2947535514831543,3
LA-G,1.294520616531372,3
SY-F,1.2943190336227417,3
FIS-,1.2942122220993042,3
AI-A,1.29417085647583,3
YF-R,1.2941486835479736,3
IA-F,1.2939962148666382,3
QYN-,1.293849229812622,3
KY-L,1.2938480377197266,3
GW-N,1.2933259010314941,3
KW-F,1.2928122282028198,3
VCN-,1.29279363155365,3
KY-T,1.2927672863006592,3
KYE-,1.2927672863006592,3
VF-E,1.29256272315979,3
MIS-,1.2924458980560303,3
MIR-,1.292252779006958,3
KW-T,1.2914626598358154,3
KWE-,1.2914626598358154,3
LC-L,1.291387915611267,3
VV-M,1.2907090187072754,3
LRT-,1.290588617324829,3
FW-E,1.2902812957763672,3
CVN-,1.2894326448440552,3
IV-K,1.2889347076416016,3
SW-Y,1.2886013984680176,3
TVS-,1.288527250289917,3
YIR-,1.2885217666625977,3
HWN-,1.2878007888793945,3
YVQ-,1.2877534627914429,3
HYP-,1.2876224517822266,3
IC-M,1.2873395681381226,3
KWQ-,1.2872525453567505,3
MVE-,1.2870123386383057,3
MV-T,1.2870123386383057,3
YV-I,1.286367416381836,3
WF-N,1.2862682342529297,3
FV-S,1.2862296104431152,3
HWT-,1.2859344482421875,3
KW-Y,1.2859070301055908,3
SY-L,1.2856478691101074,3
SY-T,1.2854639291763306,3
SYE-,1.2854639291763306,3
CY-E,1.2854057550430298,3
NY-W,1.2853121757507324,3
TVR-,1.285114049911499,3
RY-M,1.28389573097229,3
MW-E,1.283665657043457,3
YVK-,1.283588171005249,3
IA-N,1.283545970916748,3
-YLS,1.2835102081298828,3
SYQ-,1.2821142673492432,3
NWP-,1.282113790512085,3
NW-F,1.2819488048553467,3
IHS-,1.2815154790878296,3
QY-T,1.2813767194747925,3
QYE-,1.2813767194747925,3
SYK-,1.280979871749878,3
FAR-,1.2804341316223145,3
L-AV,1.2801594734191895,3
AF-S,1.2797658443450928,3
WVN-,1.279750108718872,3
LA-Y,1.2789629697799683,3
LMS-,1.278956651687622,3
LAP-,1.278321385383606,3
QYK-,1.278156042098999,3
SWK-,1.2777448892593384,3
FF-Q,1.2775864601135254,3
QY-L,1.2772632837295532,3
VHK-,1.277180790901184,3
TF-G,1.2759265899658203,3
-YIN,1.275644063949585,3
LRN-,1.2751684188842773,3
HWS-,1.274714469909668,3
EYS-,1.2746227979660034,3
I-AC,1.2744200229644775,3
LMR-,1.274186372756958,3
LTC-,1.2735345363616943,3
LH-S,1.2733585834503174,3
GFS-,1.2730820178985596,3
NY-S,1.2729564905166626,3
RFS-,1.2724689245224,3
NY-G,1.2722454071044922,3
VH-I,1.2720983028411865,3
LHV-,1.272052526473999,3
IMR-,1.2717523574829102,3
YV-T,1.2712457180023193,3
YVE-,1.2712457180023193,3
MIT-,1.2711524963378906,3
VV-H,1.270695686340332,3
IAI-,1.2706348896026611,3
NW-Y,1.2705607414245605,3
LA-W,1.2702465057373047,3
-YVW,1.270186185836792,3
NWK-,1.2700474262237549,3
-YGL,1.2698906660079956,3
QWE-,1.2696154117584229,3
QW-T,1.2696154117584229,3
KY-Y,1.2696127891540527,3
LA-F,1.2694534063339233,3
IC-R,1.2688151597976685,3
RY-R,1.2681288719177246,3
IV-Q,1.2678804397583008,3
GFN-,1.267372488975525,3
SW-S,1.2673115730285645,3
IQG-,1.26723051071167,3
LSR-,1.2667349576950073,3
IHV-,1.266414999961853,3
YIT-,1.2662876844406128,3
TF-S,1.266247272491455,3
CW-E,1.2661848068237305,3
RW-M,1.2659341096878052,3
IC-H,1.265909194946289,3
KY-W,1.2653727531433105,3
L-YT,1.2652008533477783,3
LGY-,1.2652008533477783,3
VI-F,1.2650058269500732,3
VI-S,1.2649688720703125,3
VC-F,1.2649413347244263,3
FIL-,1.2646230459213257,3
RFT-,1.2645595073699951,3
VHT-,1.2643797397613525,3
SY-Y,1.2642556428909302,3
-YVY,1.2629976272583008,3
LI-L,1.2629646062850952,3
SW-L,1.2627348899841309,3
VC-Y,1.2623646259307861,3
YF-H,1.2623590230941772,3
VC-W,1.2619996070861816,3
IGY-,1.2619887590408325,3
I-YT,1.2619887590408325,3
LI-M,1.2619197368621826,3
SW-W,1.2614729404449463,3
HYH-,1.261314868927002,3
KWP-,1.261186957359314,3
VHN-,1.2597815990447998,3
V-GY,1.2594730854034424,3
KWK-,1.2592957019805908,3
HYN-,1.259231686592102,3
-WCI,1.2588127851486206,3
-YGF,1.2586102485656738,3
I-RV,1.258224606513977,3
FV-Y,1.257744550704956,3
LRS-,1.2576230764389038,3
IMI-,1.2569100856781006,3
SY-W,1.2567839622497559,3
LHP-,1.2567800283432007,3
QY-F,1.2567307949066162,3
WVT-,1.256718635559082,3
IF-D,1.2566258907318115,3
MF-Q,1.2564692497253418,3
WF-R,1.2560430765151978,3
KW-W,1.2557134628295898,3
IMS-,1.2554993629455566,3
L-KV,1.2554738521575928,3
AVH-,1.2550225257873535,3
WV-I,1.2549844980239868,3
YF-M,1.2548099756240845,3
EYN-,1.2543385028839111,3
VV-P,1.2536970376968384,3
KY-G,1.2536345720291138,3
L-CT,1.2534205913543701,3
LGC-,1.2534205913543701,3
LI-P,1.2531862258911133,3
AF-G,1.2529728412628174,3
VCP-,1.2527613639831543,3
QYQ-,1.2526423931121826,3
-WIS,1.2522987127304077,3
GY-P,1.2519217729568481,3
FAT-,1.2518646717071533,3
L-GW,1.2518339157104492,3
GY-K,1.2516286373138428,3
I-NV,1.2516107559204102,3
MYD-,1.2515441179275513,3
RFR-,1.2511364221572876,3
LC-P,1.250981092453003,3
AF-N,1.250460147857666,3
IKG-,1.2502341270446777,3
SY-G,1.2502307891845703,3
-YIG,1.2497973442077637,3
WF-G,1.2494533061981201,3
I-GF,1.2490659952163696,3
LC-M,1.2490010261535645,3
AVN-,1.2489866018295288,3
VV-R,1.2489206790924072,3
LCL-,1.2486417293548584,3
QY-G,1.2481179237365723,3
KW-S,1.2479619979858398,3
NW-S,1.2477366924285889,3
LI-H,1.2476435899734497,3
LC-K,1.2475051879882812,3
LC-R,1.2474336624145508,3
LT-V,1.247035026550293,3
KY-S,1.2469090223312378,3
VHH-,1.2468341588974,3
LRA-,1.2467172145843506,3
LN-A,1.2464911937713623,3
-YLG,1.246321678161621,3
CVS-,1.2459502220153809,3
LI-R,1.2458038330078125,3
-WLS,1.2455196380615234,3
HWH-,1.2454205751419067,3
YF-K,1.2449040412902832,3
FCV-,1.2447118759155273,3
FCR-,1.2446818351745605,3
YIS-,1.2446534633636475,3
LNR-,1.2445178031921387,3
NW-L,1.244292140007019,3
HYK-,1.2442917823791504,3
FLA-,1.2442717552185059,3
TF-N,1.2434993982315063,3
EWQ-,1.2434148788452148,3
NY-N,1.2423627376556396,3
VHS-,1.242297649383545,3
DYV-,1.2419400215148926,3
-YVT,1.2419400215148926,3
LS-V,1.2417914867401123,3
CVE-,1.2416654825210571,3
CV-T,1.2416654825210571,3
NW-W,1.2411730289459229,3
-YAL,1.241042971611023,3
RY-P,1.240873098373413,3
SY-S,1.2408270835876465,3
KW-L,1.2408238649368286,3
VHF-,1.240797996520996,3
CF-K,1.2406915426254272,3
-YII,1.2402538061141968,3
MIN-,1.2399675846099854,3
VC-S,1.2389702796936035,3
CVH-,1.2389163970947266,3
SW-G,1.2386257648468018,3
FAN-,1.2385460138320923,3
RY-H,1.2381186485290527,3
HWE-,1.2377372980117798,3
HW-T,1.2377372980117798,3
-YLN,1.2377194166183472,3
FIE-,1.2371113300323486,3
FI-T,1.2371113300323486,3
QWQ-,1.2370193004608154,3
SW-N,1.236971139907837,3
FIQ-,1.2368148565292358,3
II-L,1.2363698482513428,3
FV-N,1.236304759979248,3
FI-I,1.2360156774520874,3
GW-H,1.2358174324035645,3
FWD-,1.235720157623291,3
ILS-,1.235559105873108,3
YIN-,1.235295057296753,3
FVP-,1.2348301410675049,3
LG-C,1.2343664169311523,3
L-EC,1.2343664169311523,3
QY-S,1.2343449592590332,3
LH-F,1.2342851161956787,3
I-SV,1.2332971096038818,3
QWK-,1.2332781553268433,3
L-TA,1.2331753969192505,3
FAH-,1.2327088117599487,3
-YIW,1.2321813106536865,3
FV-F,1.2320683002471924,3
FV-W,1.231816053390503,3
MVP-,1.2316625118255615,3
WVS-,1.2314417362213135,3
LMI-,1.2314331531524658,3
AIR-,1.2310574054718018,3
YF-P,1.2309772968292236,3
LNK-,1.2307058572769165,3
L-GS,1.2306079864501953,3
AVQ-,1.2305759191513062,3
IH-S,1.2304691076278687,3
RW-H,1.2302775382995605,3
CF-P,1.2300472259521484,3
HY-T,1.2299479246139526,3
HYE-,1.2299479246139526,3
LSN-,1.2298297882080078,3
IMH-,1.2294703722000122,3
AV-Y,1.2294083833694458,3
-WTC,1.2290666103363037,3
VHQ-,1.228981614112854,3
VIP-,1.228790283203125,3
IC-K,1.2286490201950073,3
IC-P,1.2283742427825928,3
LI-K,1.2283482551574707,3
YIH-,1.2280759811401367,3
RY-K,1.2279279232025146,3
MIH-,1.227660894393921,3
WF-H,1.2275820970535278,3
II-G,1.2271980047225952,3
ICL-,1.2271552085876465,3
IGC-,1.2271268367767334,3
I-CT,1.2271268367767334,3
WVH-,1.2269842624664307,3
EW-T,1.226740837097168,3
EWE-,1.226740837097168,3
IHP-,1.2267329692840576,3
-YLI,1.2265127897262573,3
LSK-,1.2263855934143066,3
LC-H,1.2262749671936035,3
I-GS,1.2259674072265625,3
I-YV,1.2259620428085327,3
RFH-,1.225931167602539,3
LTW-,1.2257750034332275,3
FIK-,1.2256922721862793,3
GW-R,1.2256773710250854,3
NY-R,1.22566819190979,3
VA-Y,1.2254292964935303,3
QY-Y,1.2253177165985107,3
LH-N,1.2247304916381836,3
TF-M,1.2243505716323853,3
TY-E,1.224158525466919,3
TVN-,1.2236132621765137,3
GFQ-,1.2229998111724854,3
LS-A,1.2227736711502075,3
GY-Q,1.222588300704956,3
FAS-,1.2220418453216553,3
RW-R,1.2219586372375488,3
L-YA,1.2219146490097046,3
LH-Y,1.2214840650558472,3
QY-W,1.221448540687561,3
HY-L,1.2213538885116577,3
WF-M,1.2212969064712524,3
SY-N,1.2212013006210327,3
VHE-,1.2210744619369507,3
VH-T,1.2210744619369507,3
LMT-,1.2210397720336914,3
L-RA,1.220468521118164,3
LTT-,1.2204440832138062,3
I-YA,1.2203291654586792,3
AV-F,1.2201485633850098,3
AF-M,1.2201427221298218,3
-YIY,1.2197409868240356,3
LH-G,1.2197089195251465,3
IA-G,1.219219446182251,3
MV-S,1.2191238403320312,3
L-AC,1.2191029787063599,3
QW-F,1.21891450881958,3
-YAF,1.218818187713623,3
LH-W,1.2181321382522583,3
LNS-,1.2180463075637817,3
CV-Y,1.2179064750671387,3
AVE-,1.2177984714508057,3
AV-T,1.2177984714508057,3
II-M,1.2176636457443237,3
GF-T,1.217306137084961,3
GFE-,1.217306137084961,3
AY-E,1.2172842025756836,3
MCL-,1.2171199321746826,3
HWQ-,1.2168104648590088,3
QW-S,1.2165024280548096,3
VA-W,1.2162141799926758,3
GW-M,1.2156648635864258,3
VA-S,1.215641736984253,3
II-H,1.21541428565979,3
DWV-,1.21531081199646,3
-WVT,1.21531081199646,3
IMT-,1.2150611877441406,3
QWP-,1.2146462202072144,3
MI-I,1.2145195007324219,3
-YVS,1.21450936794281,3
ITG-,1.2138593196868896,3
HYQ-,1.2131167650222778,3
KY-N,1.212904453277588,3
EWK-,1.2123327255249023,3
LNY-,1.212095022201538,3
CF-Q,1.212084174156189,3
MV-Y,1.2120676040649414,3
AV-W,1.2119858264923096,3
IG-C,1.2118290662765503,3
I-EC,1.2118290662765503,3
AW-E,1.2117687463760376,3
LI-Q,1.2117149829864502,3
EYQ-,1.211456060409546,3
EYK-,1.2110793590545654,3
TF-R,1.2110188007354736,3
TVH-,1.210121750831604,3
LMH-,1.210109829902649,3
AVK-,1.2100695371627808,3
MWD-,1.2099220752716064,3
-WVC,1.2098846435546875,3
-WNC,1.2097806930541992,3
CV-F,1.2094758749008179,3
NW-G,1.209425926208496,3
GFK-,1.2094104290008545,3
AF-R,1.2090708017349243,3
HY-F,1.2076611518859863,3
KW-G,1.2071943283081055,3
MV-F,1.2070046663284302,3
QW-Y,1.2068705558776855,3
V-GW,1.2067770957946777,3
QY-N,1.2067190408706665,3
MV-W,1.2066493034362793,3
VI-N,1.2063673734664917,3
VAP-,1.2063499689102173,3
MCR-,1.2059781551361084,3
LF-D,1.2053260803222656,3
-WRC,1.204679250717163,3
YY-E,1.204474687576294,3
FCT-,1.204401969909668,3
AVP-,1.2039463520050049,3
HWK-,1.203934907913208,3
L-YV,1.203873872756958,3
L-AS,1.203186273574829,3
LTR-,1.2020361423492432,3
IRA-,1.2007975578308105,3
MC-I,1.2003417015075684,3
CV-W,1.1997365951538086,3
NW-N,1.1994879245758057,3
-YVG,1.1990835666656494,3
IH-W,1.1989004611968994,3
LC-Q,1.1985727548599243,3
IM-I,1.198404312133789,3
CVQ-,1.1982265710830688,3
FV-G,1.1980737447738647,3
-YGY,1.1978949308395386,3
QW-L,1.196840524673462,3
NY-M,1.1966103315353394,3
LMN-,1.1963557004928589,3
IC-Q,1.1962919235229492,3
VA-F,1.1960091590881348,3
VFD-,1.1953083276748657,3
CYD-,1.1952342987060547,3
SWP-,1.195215106010437,3
MIQ-,1.1951251029968262,3
TW-E,1.1949983835220337,3
RFK-,1.1945288181304932,3
MIK-,1.1944050788879395,3
WV-T,1.1942851543426514,3
WVE-,1.1942851543426514,3
-YGT,1.194248914718628,3
DYG-,1.194248914718628,3
KW-N,1.194169282913208,3
I-KV,1.1940782070159912,3
LG-V,1.1938436031341553,3
L-EV,1.1938436031341553,3
LA-R,1.1936616897583008,3
-YVN,1.193482518196106,3
LRK-,1.1931025981903076,3
-WGF,1.1930131912231445,3
LLR-,1.192718505859375,3
AF-H,1.1924687623977661,3
YF-Q,1.1920289993286133,3
L-GF,1.1917693614959717,3
II-R,1.1917376518249512,3
VNA-,1.1914827823638916,3
RFN-,1.1911932229995728,3
CVK-,1.191131591796875,3
IMQ-,1.190476894378662,3
VV-K,1.1896008253097534,3
TVQ-,1.189515233039856,3
FAM-,1.1893824338912964,3
CIR-,1.1893582344055176,3
LMK-,1.1892297267913818,3
MIE-,1.1891412734985352,3
MI-T,1.1891412734985352,3
WY-E,1.188698649406433,3
RY-Q,1.1886646747589111,3
-YLY,1.1885690689086914,3
VC-N,1.1881444454193115,3
NY-H,1.1880112886428833,3
MV-N,1.1873489618301392,3
IME-,1.1872985363006592,3
IM-T,1.1872985363006592,3
IA-R,1.187082290649414,3
RFP-,1.1870660781860352,3
LME-,1.1869616508483887,3
LM-T,1.1869616508483887,3
KY-R,1.1864807605743408,3
LM-I,1.1864063739776611,3
WVQ-,1.1861984729766846,3
-YCL,1.1858930587768555,3
KY-M,1.1858140230178833,3
EY-T,1.1857645511627197,3
EYE-,1.1857645511627197,3
-WGT,1.185736894607544,3
DWG-,1.185736894607544,3
HY-Y,1.1848654747009277,3
LH-L,1.1847819089889526,3
SY-R,1.1845496892929077,3
LMQ-,1.184514045715332,3
LRY-,1.1844537258148193,3
AIT-,1.1837214231491089,3
CV-S,1.1836742162704468,3
II-P,1.1836211681365967,3
IMK-,1.1834183931350708,3
CWD-,1.1831918954849243,3
FCH-,1.1830391883850098,3
SW-H,1.1829779148101807,3
QW-W,1.182504415512085,3
-WGL,1.1823979616165161,3
LS-T,1.1819967031478882,3
LSE-,1.1819967031478882,3
TF-H,1.181687593460083,3
AIS-,1.181532859802246,3
YV-S,1.1812313795089722,3
TV-F,1.1811566352844238,3
DYF-,1.1802676916122437,3
-YFT,1.1802676916122437,3
VC-L,1.1802129745483398,3
LA-K,1.1801838874816895,3
GWP-,1.1799296140670776,3
TVK-,1.1798479557037354,3
LL-I,1.1795411109924316,3
I-YC,1.1795200109481812,3
LLS-,1.1793498992919922,3
FCN-,1.1791248321533203,3
FC-I,1.1789847612380981,3
IA-H,1.178892970085144,3
HW-F,1.178786039352417,3
YIQ-,1.1782572269439697,3
HW-Y,1.1782541275024414,3
SW-R,1.1781625747680664,3
SW-M,1.1781107187271118,3
GF-F,1.1780288219451904,3
TV-Y,1.177675724029541,3
IL-I,1.1776659488677979,3
I-AS,1.1771507263183594,3
YIE-,1.1770999431610107,3
YI-T,1.1770999431610107,3
-YAY,1.177096962928772,3
YYD-,1.1766116619110107,3
-WVV,1.176254153251648,3
HY-S,1.1760287284851074,3
LNE-,1.1759860515594482,3
LN-T,1.1759860515594482,3
HW-S,1.175907850265503,3
RW-K,1.1754071712493896,3
YIK-,1.1754049062728882,3
MCS-,1.1752681732177734,3
YW-E,1.1747233867645264,3
L-WT,1.1747006177902222,3
LGW-,1.1747006177902222,3
FAK-,1.1744143962860107,3
FAV-,1.174336314201355,3
RF-T,1.174023151397705,3
RFE-,1.174023151397705,3
IH-Y,1.1738946437835693,3
LA-M,1.173654556274414,3
KW-M,1.1733739376068115,3
LNN-,1.1731772422790527,3
FTA-,1.1728060245513916,3
LSS-,1.1727360486984253,3
QW-G,1.1726516485214233,3
CIT-,1.1725010871887207,3
IA-M,1.1724718809127808,3
FCS-,1.1719111204147339,3
QY-R,1.17166268825531,3
ITA-,1.171638011932373,3
TVE-,1.1711772680282593,3
TV-T,1.1711772680282593,3
ILR-,1.1711333990097046,3
AI-I,1.1710233688354492,3
RFQ-,1.1709600687026978,3
V-GI,1.1704020500183105,3
VC-G,1.1697568893432617,3
TV-W,1.1692109107971191,3
QW-N,1.1690304279327393,3
SY-M,1.1687486171722412,3
HY-W,1.1686968803405762,3
RW-Q,1.1671693325042725,3
FV-L,1.1666651964187622,3
ITY-,1.1666358709335327,3
WW-E,1.1663084030151367,3
LA-H,1.1660432815551758,3
LVD-,1.1655585765838623,3
VAI-,1.1652350425720215,3
IM-Y,1.1646919250488281,3
WF-P,1.1646203994750977,3
MCT-,1.164236307144165,3
LA-P,1.1641871929168701,3
GF-Y,1.1639000177383423,3
VV-Q,1.1638317108154297,3
WF-K,1.1638280153274536,3
FA-I,1.1632531881332397,3
IM-W,1.1630700826644897,3
HY-G,1.1627533435821533,3
VGG-,1.1627466678619385,3
V-GT,1.1627466678619385,3
F-AC,1.1621639728546143,3
CI-I,1.1621313095092773,3
NW-M,1.1619590520858765,3
NW-H,1.1614608764648438,3
-YLW,1.1608819961547852,3
DYC-,1.1602344512939453,3
-YCT,1.1602344512939453,3
QY-M,1.1598514318466187,3
FI-S,1.159839391708374,3
WVK-,1.15982985496521,3
EWP-,1.159545660018921,3
-WAF,1.1594550609588623,3
GF-L,1.1592553853988647,3
LA-L,1.159190058708191,3
-WVS,1.1589529514312744,3
NW-R,1.1586151123046875,3
YI-I,1.1581928730010986,3
EW-S,1.1581625938415527,3
LV-E,1.158094882965088,3
LAI-,1.1580274105072021,3
LR-C,1.1580054759979248,3
RW-P,1.1579219102859497,3
-WGY,1.157560110092163,3
VSA-,1.1575264930725098,3
IMN-,1.157414436340332,3
-WIN,1.156950831413269,3
-YIR,1.1569015979766846,3
TF-P,1.1567063331604004,3
FAQ-,1.1565929651260376,3
-YCF,1.1562292575836182,3
V-AT,1.1561497449874878,3
VGA-,1.1561497449874878,3
EY-L,1.156069278717041,3
CVP-,1.1558377742767334,3
MV-G,1.155778169631958,3
DWF-,1.155282974243164,3
-WFT,1.155282974243164,3
-WAY,1.1545634269714355,3
LH-M,1.154466152191162,3
-YAW,1.1542391777038574,3
HW-L,1.1541467905044556,3
SY-H,1.154064416885376,3
TVP-,1.1533780097961426,3
HY-N,1.1525001525878906,3
LLT-,1.1522667407989502,3
-YGW,1.1516268253326416,3
I-WT,1.151606798171997,3
IGW-,1.151606798171997,3
VA-N,1.1515629291534424,3
ILH-,1.151366949081421,3
VI-L,1.1512649059295654,3
-YVM,1.1512376070022583,3
L-GG,1.1510577201843262,3
QY-P,1.1509077548980713,3
LRR-,1.1507445573806763,3
AV-S,1.1507283449172974,3
II-K,1.1506935358047485,3
-WLN,1.150491714477539,3
IA-L,1.1496717929840088,3
-YFY,1.1496680974960327,3
VI-M,1.1496362686157227,3
WF-Q,1.1491782665252686,3
VC-M,1.1488927602767944,3
YV-Y,1.1483008861541748,3
NY-P,1.148235559463501,3
LEG-,1.1482253074645996,3
EY-G,1.1473143100738525,3
AF-K,1.146986484527588,3
LSQ-,1.1469030380249023,3
MY-D,1.1468501091003418,3
MV-L,1.146849274635315,3
L-GN,1.146475076675415,3
VI-G,1.1462485790252686,3
GFP-,1.1452206373214722,3
HW-N,1.1447086334228516,3
FAE-,1.144178032875061,3
FA-T,1.144178032875061,3
F-AV,1.1439763307571411,3
-YYL,1.1435842514038086,3
YVP-,1.1435494422912598,3
EW-F,1.1434836387634277,3
-YIP,1.1424870491027832,3
ILT-,1.142336130142212,3
-YLP,1.1423102617263794,3
INY-,1.141832709312439,3
LNW-,1.14162278175354,3
-WAT,1.1414165496826172,3
DWA-,1.1414165496826172,3
GW-Q,1.1409378051757812,3
FCK-,1.140854835510254,3
CV-N,1.1408374309539795,3
KW-H,1.1408071517944336,3
RF-F,1.1405847072601318,3
KY-H,1.1405470371246338,3
HW-W,1.1404930353164673,3
-YFS,1.1404247283935547,3
AIH-,1.1400561332702637,3
EW-L,1.1392141580581665,3
IVD-,1.1389925479888916,3
TF-K,1.138667106628418,3
FCQ-,1.137965202331543,3
FV-P,1.1379531621932983,3
LLH-,1.1377944946289062,3
GF-S,1.1373343467712402,3
MCH-,1.1371315717697144,3
VI-H,1.1370437145233154,3
LA-Q,1.1368451118469238,3
GF-W,1.1368005275726318,3
WV-Y,1.1364593505859375,3
FI-Y,1.1363857984542847,3
L-QC,1.1363074779510498,3
VHP-,1.1354656219482422,3
-YIK,1.1351368427276611,3
LH-P,1.1350958347320557,3
LH-R,1.1350905895233154,3
V-AC,1.1345744132995605,3
YV-N,1.1345279216766357,3
IM-F,1.134442687034607,3
EW-N,1.1343741416931152,3
-YIH,1.1343438625335693,3
II-Q,1.1343202590942383,3
-YLR,1.1341192722320557,3
KW-R,1.1337616443634033,3
SY-P,1.133597493171692,3
EY-F,1.1333322525024414,3
FCE-,1.132181167602539,3
FC-T,1.132181167602539,3
RF-Y,1.1316287517547607,3
FY-D,1.1313602924346924,3
EW-Y,1.1311724185943604,3
VH-S,1.1311129331588745,3
KY-P,1.1310226917266846,3
VTG-,1.1305549144744873,3
I-GG,1.1303913593292236,3
I-GN,1.1303750276565552,3
GW-P,1.1303379535675049,3
WV-S,1.1298032999038696,3
DYA-,1.1297845840454102,3
-YAT,1.1297845840454102,3
AF-P,1.129684329032898,3
-WIC,1.1296310424804688,3
-WCT,1.1296014785766602,3
DWC-,1.1296014785766602,3
FV-R,1.1294262409210205,3
I-GM,1.1292411088943481,3
EY-S,1.1290520429611206,3
LR-T,1.1290043592453003,3
LRE-,1.1290043592453003,3
VC-H,1.1289124488830566,3
MCN-,1.1286704540252686,3
-YLK,1.1285302639007568,3
-YLH,1.128250002861023,3
-YGM,1.1272599697113037,3
L-YC,1.1262249946594238,3
QY-H,1.1254589557647705,3
EW-G,1.1253689527511597,3
-WSC,1.1253488063812256,3
HW-G,1.1253161430358887,3
LL-T,1.125269889831543,3
LLE-,1.125269889831543,3
IA-P,1.123810052871704,3
-YVH,1.1233198642730713,3
LH-K,1.1231412887573242,3
-YVR,1.1223505735397339,3
RF-L,1.1219971179962158,3
EY-N,1.1219745874404907,3
RF-W,1.1218016147613525,3
I-CA,1.121225118637085,3
NY-K,1.1210997104644775,3
YV-W,1.1210739612579346,3
CV-L,1.121063470840454,3
QW-M,1.1206806898117065,3
YWD-,1.120577096939087,3
LSY-,1.1205308437347412,3
YV-F,1.1204198598861694,3
CI-T,1.1197975873947144,3
CIE-,1.1197975873947144,3
HY-R,1.1193276643753052,3
FV-H,1.118391990661621,3
AV-L,1.1182823181152344,3
IA-K,1.1178900003433228,3
LH-H,1.1176880598068237,3
VH-W,1.1176646947860718,3
IL-Y,1.117098093032837,3
-YVF,1.1170964241027832,3
IL-W,1.1170858144760132,3
-YGG,1.1169623136520386,3
-WAW,1.1168526411056519,3
-YYF,1.1166431903839111,3
-WQC,1.1166274547576904,3
GW-K,1.1153936386108398,3
RF-S,1.1153123378753662,3
AV-N,1.1148570775985718,3
VC-R,1.1148552894592285,3
VH-Y,1.1147465705871582,3
-YFG,1.114664077758789,3
TV-S,1.114492416381836,3
LM-Y,1.1144554615020752,3
MI-S,1.1137880086898804,3
FI-W,1.1137844324111938,3
L-RT,1.1136627197265625,3
LGR-,1.1136627197265625,3
LR-A,1.1134445667266846,3
FI-N,1.1134097576141357,3
EW-W,1.112884283065796,3
CIN-,1.1126089096069336,3
LM-F,1.1125198602676392,3
WYD-,1.1123840808868408,3
WV-F,1.1123663187026978,3
MI-Y,1.1122996807098389,3
HWP-,1.112225890159607,3
AV-G,1.1119481325149536,3
LM-S,1.1115541458129883,3
LKA-,1.111136794090271,3
GF-G,1.1111011505126953,3
GF-N,1.1110892295837402,3
FCI-,1.1110100746154785,3
LLQ-,1.1104456186294556,3
QY-K,1.1103535890579224,3
MCK-,1.1098661422729492,3
-YYT,1.109466552734375,3
DYY-,1.109466552734375,3
VTA-,1.1090319156646729,3
-YFN,1.1086901426315308,3
-YIM,1.1083743572235107,3
VA-G,1.1082113981246948,3
VCL-,1.107945442199707,3
IH-N,1.1077513694763184,3
-YIQ,1.1077065467834473,3
MI-W,1.1073390245437622,3
LM-W,1.1068781614303589,3
FV-M,1.106461763381958,3
HY-M,1.1060672998428345,3
-WKC,1.1060328483581543,3
-WVN,1.105879306793213,3
AI-Y,1.1058591604232788,3
IH-F,1.105849266052246,3
L-CA,1.1056146621704102,3
ILE-,1.1053085327148438,3
IL-T,1.1053085327148438,3
IM-S,1.1052358150482178,3
-YCY,1.1050584316253662,3
LLN-,1.1047868728637695,3
FI-F,1.1047170162200928,3
VI-R,1.1046926975250244,3
-WLG,1.1046799421310425,3
LGT-,1.1043026447296143,3
L-TT,1.1043026447296143,3
MCQ-,1.1041117906570435,3
CV-G,1.103667974472046,3
-YFW,1.1033999919891357,3
TF-Q,1.1033642292022705,3
VHV-,1.1030290126800537,3
QW-R,1.1022882461547852,3
IA-Q,1.102247714996338,3
KY-K,1.1018428802490234,3
-WGW,1.1015565395355225,3
CIH-,1.1014156341552734,3
AF-Q,1.1013052463531494,3
WV-N,1.1008789539337158,3
-WLC,1.1008012294769287,3
-YGN,1.1005170345306396,3
CI-Y,1.1003501415252686,3
FSA-,1.1002776622772217,3
-WIV,1.0999616384506226,3
-YCG,1.0998897552490234,3
AIQ-,1.09965181350708,3
-WFS,1.0992872714996338,3
I-QC,1.0985212326049805,3
-YAG,1.0977296829223633,3
LNQ-,1.097721815109253,3
-YGS,1.0975744724273682,3
V-YC,1.0973713397979736,3
-WHC,1.097091794013977,3
V-AV,1.0970687866210938,3
MCE-,1.0970275402069092,3
MC-T,1.0970275402069092,3
EY-Y,1.0969135761260986,3
QW-H,1.0968539714813232,3
EY-W,1.0966217517852783,3
WV-W,1.0964815616607666,3
EY-R,1.0963845252990723,3
TV-G,1.0960917472839355,3
-YCS,1.0960341691970825,3
I-WA,1.095853567123413,3
F-AA,1.095672845840454,3
AI-T,1.0954965353012085,3
AIE-,1.0954965353012085,3
MV-P,1.0954017639160156,3
-YAM,1.095086932182312,3
L-WA,1.0947601795196533,3
SY-K,1.0946948528289795,3
VH-F,1.0945768356323242,3
LRQ-,1.0937225818634033,3
MV-M,1.093428134918213,3
RF-G,1.093325138092041,3
VI-P,1.0930917263031006,3
YV-G,1.0926820039749146,3
V-YV,1.0924255847930908,3
IEG-,1.0921366214752197,3
AI-W,1.092119574546814,3
MI-F,1.0920054912567139,3
AWD-,1.0914933681488037,3
TV-L,1.0911812782287598,3
RF-N,1.091137409210205,3
AIN-,1.0910637378692627,3
EW-R,1.0909168720245361,3
L-TI,1.0908868312835693,3
IL-F,1.090484380722046,3
VQG-,1.089987874031067,3
V-YT,1.089725375175476,3
VGY-,1.089725375175476,3
LH-Q,1.0897020101547241,3
LL-F,1.0896742343902588,3
IN-C,1.0895724296569824,3
AIK-,1.0893268585205078,3
ILQ-,1.0892510414123535,3
AYD-,1.0889033079147339,3
I-EV,1.0886385440826416,3
IG-V,1.0886385440826416,3
LL-Y,1.0881600379943848,3
FGA-,1.087848424911499,3
F-AT,1.087848424911499,3
TV-N,1.0878288745880127,3
L-GM,1.0875773429870605,3
DW-C,1.0875141620635986,3
-WEC,1.0875141620635986,3
FF-E,1.0874295234680176,3
IAL-,1.087425708770752,3
LSW-,1.087204098701477,3
WWD-,1.0869994163513184,3
V-AA,1.086920142173767,3
MV-R,1.0865967273712158,3
L-AN,1.0859118700027466,3
NY-Q,1.0855317115783691,3
MW-D,1.0852267742156982,3
-YCM,1.0852067470550537,3
CI-W,1.0847909450531006,3
AI-F,1.0846986770629883,3
YI-S,1.0842000246047974,3
FV-K,1.0839381217956543,3
HW-M,1.083937168121338,3
-YLM,1.0836803913116455,3
CV-M,1.0831671953201294,3
CIS-,1.0824062824249268,3
LLK-,1.0822087526321411,3
-WAG,1.081982135772705,3
FIP-,1.0818912982940674,3
-WAL,1.0815751552581787,3
IRY-,1.0813922882080078,3
HW-R,1.081000566482544,3
-WGS,1.0794577598571777,3
LL-W,1.0787628889083862,3
-YGR,1.07853102684021,3
CV-H,1.0784080028533936,3
CI-F,1.0783601999282837,3
I-YS,1.0782678127288818,3
-YYY,1.0776822566986084,3
-WGG,1.0772885084152222,3
SW-K,1.0768271684646606,3
IV-E,1.0766680240631104,3
LM-N,1.0760174989700317,3
VC-K,1.0758516788482666,3
L-YS,1.0758416652679443,3
-WAS,1.0753843784332275,3
MI-N,1.0749233961105347,3
L-HC,1.074692726135254,3
LR-V,1.0745731592178345,3
ISY-,1.0744879245758057,3
TYD-,1.0741201639175415,3
TWD-,1.0739202499389648,3
MCP-,1.073899745941162,3
CY-D,1.0735845565795898,3
MV-H,1.072725772857666,3
LL-S,1.0725280046463013,3
-WLV,1.0723392963409424,3
-YAS,1.07144296169281,3
SW-Q,1.0712981224060059,3
SW-P,1.0711119174957275,3
L-QV,1.0703184604644775,3
FFD-,1.070188283920288,3
-WIG,1.0699927806854248,3
-YCN,1.0684168338775635,3
-YLQ,1.0683670043945312,3
-YCW,1.0682165622711182,3
-WGM,1.0679579973220825,3
KY-Q,1.0675349235534668,3
VF-D,1.0671175718307495,3
-YAN,1.0665721893310547,3
V-YA,1.066368818283081,3
GF-R,1.0661849975585938,3
LL-N,1.0659503936767578,3
I-CV,1.065272569656372,3
VC-P,1.0645325183868408,3
V-GF,1.063713788986206,3
SY-Q,1.063500165939331,3
FI-G,1.0634765625,3
-WAM,1.0632514953613281,3
CIK-,1.0630109310150146,3
VA-H,1.062993049621582,3
VA-R,1.061762809753418,3
I-WV,1.061745285987854,3
IM-N,1.0617097616195679,3
QY-Q,1.0616803169250488,3
YI-Y,1.0609352588653564,3
VA-M,1.0606098175048828,3
FV-Q,1.059975504875183,3
LI-E,1.0598976612091064,3
-YVP,1.05985689163208,3
CV-R,1.05972158908844,3
CIQ-,1.0594674348831177,3
-WVG,1.0592939853668213,3
-WCG,1.059086799621582,3
IHI-,1.0590131282806396,3
MF-E,1.0589542388916016,3
CI-S,1.058949589729309,3
AV-M,1.0586861371994019,3
-YFH,1.0583916902542114,3
-WCS,1.0580644607543945,3
EW-H,1.0580586194992065,3
VI-K,1.0576344728469849,3
EY-P,1.0573701858520508,3
WV-G,1.057347059249878,3
GF-M,1.0571835041046143,3
FA-S,1.0567781925201416,3
LN-S,1.056351661682129,3
-YGK,1.0562574863433838,3
LM-G,1.0561904907226562,3
IH-M,1.0561785697937012,3
L-AG,1.0560929775238037,3
-YGH,1.0560892820358276,3
LHI-,1.0560450553894043,3
-YFM,1.0557106733322144,3
YV-L,1.055524230003357,3
I-GH,1.055448293685913,3
L-RI,1.055329442024231,3
WVP-,1.054126501083374,3
RF-M,1.0536653995513916,3
MIP-,1.0532784461975098,3
IL-S,1.0527721643447876,3
-WAN,1.0527434349060059,3
GF-H,1.0520367622375488,3
FW-D,1.0517430305480957,3
-WGN,1.051279902458191,3
IS-C,1.0512267351150513,3
-WCF,1.0511970520019531,3
NW-P,1.0508753061294556,3
-YFR,1.0508472919464111,3
FC-S,1.0503050088882446,3
LNC-,1.0502326488494873,3
ILN-,1.0497105121612549,3
VKG-,1.0496554374694824,3
CV-P,1.048901915550232,3
EY-K,1.048832893371582,3
LL-G,1.0488123893737793,3
IH-G,1.0482958555221558,3
NW-Q,1.0482687950134277,3
-YFP,1.047766923904419,3
KW-P,1.0467734336853027,3
I-GL,1.0462486743927002,3
-YYS,1.0461814403533936,3
-YCR,1.0457676649093628,3
KW-K,1.0453376770019531,3
IH-L,1.0453001260757446,3
HY-K,1.0451022386550903,3
ITC-,1.0447161197662354,3
IH-R,1.0444971323013306,3
-YYW,1.0436650514602661,3
KW-Q,1.0435101985931396,3
LS-S,1.0433712005615234,3
ILK-,1.0433493852615356,3
I-HC,1.0431585311889648,3
WV-L,1.0431246757507324,3
CW-D,1.0430848598480225,3
QW-P,1.0427908897399902,3
LSC-,1.042656660079956,3
CF-E,1.042367696762085,3
-WCY,1.0416063070297241,3
L-GH,1.041430115699768,3
-YVK,1.0412602424621582,3
MV-K,1.0412448644638062,3
VH-N,1.0412043333053589,3
EW-K,1.0410934686660767,3
YI-N,1.0410716533660889,3
NW-K,1.0403887033462524,3
-YYG,1.0399960279464722,3
-WFN,1.039893627166748,3
I-AN,1.0397617816925049,3
YI-W,1.039219856262207,3
IL-N,1.039144515991211,3
L-WV,1.0390442609786987,3
HY-H,1.0389972925186157,3
LID-,1.038834571838379,3
FI-L,1.0384211540222168,3
HW-H,1.037992238998413,3
QW-K,1.0378700494766235,3
-WPC,1.037439227104187,3
VI-Q,1.0374314785003662,3
TV-M,1.037204384803772,3
L-CV,1.0365431308746338,3
L-CS,1.036489486694336,3
I-CS,1.034956455230713,3
FAI-,1.0349212884902954,3
HY-P,1.0347943305969238,3
-WFG,1.034236192703247,3
EY-H,1.033601999282837,3
VA-L,1.0335431098937988,3
LC-E,1.0333385467529297,3
-YFF,1.032935380935669,3
EW-M,1.0322498083114624,3
-WCN,1.0316407680511475,3
-YVQ,1.0312062501907349,3
-YYN,1.0311224460601807,3
LLP-,1.0308053493499756,3
LNH-,1.0307137966156006,3
WV-R,1.030686378479004,3
AV-H,1.0298759937286377,3
VC-Q,1.0287102460861206,3
LKT-,1.028703212738037,3
MC-S,1.0286951065063477,3
-WGR,1.0286476612091064,3
TV-P,1.0285224914550781,3
L-HV,1.0282394886016846,3
CTG-,1.0280356407165527,3
-YAH,1.0279731750488281,3
YV-R,1.0272157192230225,3
TY-D,1.026742696762085,3
I-FV,1.0264997482299805,3
AV-P,1.0264832973480225,3
LAL-,1.0262014865875244,3
VH-L,1.0259037017822266,3
LSH-,1.025705099105835,3
YI-F,1.0255053043365479,3
-YAR,1.0250887870788574,3
AI-S,1.0248539447784424,3
-WAH,1.024648666381836,3
MI-G,1.0246390104293823,3
IM-M,1.0243401527404785,3
YV-P,1.0242599248886108,3
FA-Y,1.0242589712142944,3
IC-E,1.0240230560302734,3
AV-R,1.0236647129058838,3
L-GR,1.0234299898147583,3
WV-H,1.0222302675247192,3
QW-Q,1.0216546058654785,3
YV-H,1.0216269493103027,3
EY-M,1.0200687646865845,3
V-GS,1.0196914672851562,3
GY-E,1.0195573568344116,3
RF-R,1.0192675590515137,3
MV-Q,1.0180095434188843,3
CI-N,1.0168752670288086,3
ISW-,1.0159183740615845,3
RY-E,1.0155986547470093,3
INN-,1.0155466794967651,3
IR-C,1.015450119972229,3
IML-,1.0149753093719482,3
I-AG,1.0147151947021484,3
-WGH,1.0146887302398682,3
FI-H,1.0146281719207764,3
L-GL,1.0145890712738037,3
INW-,1.0143460035324097,3
MI-L,1.0141456127166748,3
MC-F,1.014078140258789,3
-WCM,1.0136253833770752,3
IM-H,1.0129585266113281,3
VH-G,1.0127546787261963,3
LM-M,1.0126092433929443,3
I-WC,1.0119434595108032,3
CTA-,1.0115783214569092,3
VH-M,1.0109643936157227,3
IKA-,1.0108689069747925,3
LR-S,1.0107227563858032,3
MFD-,1.0105679035186768,3
FA-N,1.0101970434188843,3
FI-P,1.0098521709442139,3
LKY-,1.0095908641815186,3
I-GR,1.0094969272613525,3
FC-F,1.0094715356826782,3
-WCL,1.009446144104004,3
VTY-,1.0089058876037598,3
L-GQ,1.0081617832183838,3
FI-R,1.0080256462097168,3
-YCH,1.0079532861709595,3
WV-P,1.0077574253082275,3
-YYP,1.007503867149353,3
IM-L,1.0070384740829468,3
EW-P,1.0068082809448242,3
FC-N,1.006773829460144,3
MC-L,1.0063912868499756,3
MC-G,1.0062867403030396,3
-WCW,1.0060856342315674,3
LM-R,1.0059977769851685,3
-YFK,1.005607008934021,3
FCP-,1.005387306213379,3
-YFL,1.0052999258041382,3
HW-K,1.005036473274231,3
LMP-,1.00486159324646,3
FA-F,1.0044214725494385,3
MC-N,1.003729224205017,3
VA-K,1.002436876296997,3
L-TY,1.0024155378341675,3
L-TS,1.0022387504577637,3
L-WS,1.0019922256469727,3
IM-R,1.001698613166809,3
FI-M,1.0009324550628662,3
-YYR,1.0004645586013794,3
FC-Y,1.00045645236969,3
LM-H,1.000075101852417,3
IM-G,0.9993475675582886,3
WV-M,0.9990070462226868,3
-YCP,0.9989834427833557,3
FA-W,0.9988271594047546,3
GF-K,0.9987494349479675,3
RF-H,0.9985952377319336,3
AY-D,0.9982519745826721,3
LL-L,0.9979228973388672,3
IH-K,0.9975384473800659,3
YIP-,0.9968356490135193,3
I-GQ,0.9957307577133179,3
L-RS,0.9956791400909424,3
ISC-,0.9956517815589905,3
FC-G,0.9946934580802917,3
MC-Y,0.9944255948066711,3
I-WS,0.9943265914916992,3
LCD-,0.9934287667274475,3
L-RY,0.9931753873825073,3
-FIS,0.993081271648407,3
RW-E,0.9920431971549988,3
IL-L,0.9917147755622864,3
I-VV,0.9916018843650818,3
LM-L,0.9915547966957092,3
MI-M,0.9914782047271729,3
IID-,0.9914472699165344,3
-YGP,0.9912533760070801,3
IH-P,0.9911762475967407,3
LL-M,0.9898896813392639,3
MC-W,0.9898796677589417,3
TV-R,0.9895995855331421,3
AI-N,0.9893967509269714,3
AW-D,0.9891623258590698,3
FNA-,0.9891209006309509,3
TW-D,0.988868772983551,3
HY-Q,0.9885952472686768,3
YI-G,0.9884255528450012,3
L-TW,0.9883540272712708,3
LAD-,0.9882364869117737,3
YV-M,0.9880909323692322,3
YF-E,0.9879435300827026,3
LML-,0.9877632260322571,3
FA-G,0.9875475168228149,3
-WGK,0.9866589903831482,3
FC-L,0.9861133694648743,3
IL-G,0.9860824942588806,3
GF-P,0.9852062463760376,3
LN-I,0.9848687648773193,3
VV-E,0.9847812056541443,3
-WAR,0.984616219997406,3
IL-M,0.9846025109291077,3
-YCK,0.9843235015869141,3
CFD-,0.984183132648468,3
RF-K,0.9841107726097107,3
NF-S,0.9837941527366638,3
MI-H,0.983331024646759,3
CI-L,0.9832919239997864,3
L-GK,0.9831835031509399,3
-YIF,0.9829918146133423,3
L-PC,0.9828644394874573,3
-YAP,0.9825775027275085,3
TV-H,0.9824485182762146,3
LL-R,0.9821568727493286,3
FC-W,0.982017993927002,3
LL-H,0.9818057417869568,3
IL-H,0.9812219142913818,3
-YLF,0.9811940789222717,3
I-YN,0.9802606105804443,3
YY-D,0.9801660180091858,3
INC-,0.9801380038261414,3
-WCR,0.980004072189331,3
LA-E,0.9796283841133118,3
L-YN,0.9788889288902283,3
MI-R,0.9784813523292542,3
HW-Q,0.9783832430839539,3
-YYM,0.9782469272613525,3
LL-P,0.9779011011123657,3
CV-Q,0.9778228402137756,3
AI-G,0.9774590134620667,3
L-GP,0.9773634672164917,3
HW-P,0.9772549867630005,3
VA-P,0.977119505405426,3
VNN-,0.9768535494804382,3
YV-K,0.9766905903816223,3
SF-S,0.9758811593055725,3
VRA-,0.9757803082466125,3
GF-Q,0.9757521748542786,3
LRW-,0.9751017689704895,3
I-HV,0.9750567674636841,3
CT-C,0.974463164806366,3
ITW-,0.9741238355636597,3
KF-S,0.9732646942138672,3
IH-Q,0.9732078313827515,3
LQT-,0.9729637503623962,3
AI-L,0.972644567489624,3
I-QV,0.9726214408874512,3
V-AS,0.9719485640525818,3
IN-V,0.9711725115776062,3
FI-K,0.9710655212402344,3
VH-R,0.9709773063659668,3
L-FV,0.9707650542259216,3
-YGQ,0.9706007242202759,3
I-PC,0.9704452157020569,3
L-WC,0.970359742641449,3
CI-H,0.9699905514717102,3
CI-M,0.9696394801139832,3
-FLS,0.9693092107772827,3
EW-Q,0.9690835475921631,3
CV-K,0.9689067006111145,3
VAL-,0.9679214358329773,3
I-GK,0.9675666093826294,3
VVD-,0.9674901366233826,3
AIP-,0.9673556089401245,3
CI-G,0.967249870300293,3
II-E,0.967223584651947,3
AV-K,0.9669608473777771,3
ICD-,0.9657769799232483,3
LM-K,0.9655983448028564,3
IH-H,0.9646262526512146,3
LM-P,0.9637535214424133,3
IL-R,0.9633510708808899,3
IS-V,0.9628809690475464,3
YFD-,0.9627780318260193,3
WY-D,0.9625638127326965,3
MI-P,0.9621825218200684,3
VA-Q,0.9604628682136536,3
-WCH,0.9603822827339172,3
IMP-,0.9595369100570679,3
-WLK,0.9594600796699524,3
-YYH,0.9589676856994629,3
GW-E,0.9585325717926025,3
-YYK,0.9583185911178589,3
EY-Q,0.9571096301078796,3
-YCQ,0.9567729830741882,3
FI-Q,0.9560258984565735,3
RF-P,0.9545091986656189,3
GYD-,0.9544039368629456,3
RF-Q,0.9542282819747925,3
YI-L,0.9539662003517151,3
ILP-,0.9538464546203613,3
WF-E,0.9536619782447815,3
I-AY,0.9532720446586609,3
-YAK,0.9530075788497925,3
L-RW,0.9529757499694824,3
LV-D,0.9518987536430359,3
-WIK,0.9497774839401245,3
LL-K,0.948460578918457,3
-YFQ,0.948395311832428,3
VH-H,0.9483333230018616,3
LRH-,0.9481404423713684,3
YV-Q,0.9479773640632629,3
AI-M,0.9474712014198303,3
LM-Q,0.9462651014328003,3
CI-R,0.9461104273796082,3
YI-H,0.9455757737159729,3
TF-E,0.9451985955238342,3
I-YI,0.9451634287834167,3
CIP-,0.9450675845146179,3
L-YG,0.944658637046814,3
VHI-,0.9436531662940979,3
V-GN,0.9436207413673401,3
F-AS,0.9434551000595093,3
IA-E,0.9429464936256409,3
IAD-,0.9426901340484619,3
I-CC,0.9426207542419434,3
I-YG,0.9418381452560425,3
I-FC,0.9414002299308777,3
FC-R,0.9406534433364868,3
I-GP,0.9403659701347351,3
MC-R,0.9398341774940491,3
MC-P,0.938900887966156,3
WV-Q,0.9385344386100769,3
YI-R,0.9383620023727417,3
V-GG,0.9382582902908325,3
MI-K,0.937844455242157,3
QF-S,0.9377997517585754,3
AV-Q,0.9366698861122131,3
VH-K,0.9365504384040833,3
IL-P,0.935960590839386,3
FA-R,0.9358921647071838,3
-WGQ,0.9342123866081238,3
TV-K,0.933850884437561,3
IM-K,0.9330037832260132,3
HF-S,0.9322834610939026,3
I-CN,0.9318423867225647,3
LS-I,0.9311824440956116,3
-YVL,0.9308114647865295,3
LHL-,0.9305805563926697,3
V-GM,0.9304520487785339,3
FAP-,0.929514467716217,3
LS-W,0.9281460046768188,3
YW-D,0.927911102771759,3
WW-D,0.9274824857711792,3
AF-E,0.9274464249610901,3
L-AK,0.9274144768714905,3
L-TN,0.927096426486969,3
-WFW,0.9266091585159302,3
-YIE,0.9265979528427124,3
YI-P,0.9264164566993713,3
IM-Q,0.9259176254272461,3
LS-Y,0.9257226586341858,3
AI-H,0.9250912070274353,3
VNY-,0.9248601794242859,3
L-TG,0.924655556678772,3
FA-L,0.9245784878730774,3
MC-M,0.9241205453872681,3
L-RF,0.9236628413200378,3
LNP-,0.9234177470207214,3
IR-V,0.9233622550964355,3
L-CN,0.9230852723121643,3
IM-P,0.9230459332466125,3
WV-K,0.9226588606834412,3
IT-C,0.922322690486908,3
LH-E,0.9222965836524963,3
MI-Q,0.9222068190574646,3
-WCP,0.9220950603485107,3
MC-K,0.9215933084487915,3
IRW-,0.9214032292366028,3
FC-H,0.920720636844635,3
LN-G,0.9197863936424255,3
FC-P,0.9197521805763245,3
LHD-,0.919546365737915,3
LL-Q,0.9185246229171753,3
-WCK,0.9183862209320068,3
V-YS,0.9182890057563782,3
-YAQ,0.9182887077331543,3
MC-H,0.9179167747497559,3
FC-K,0.9177882075309753,3
LS-N,0.9175522923469543,3
CTY-,0.9170171618461609,3
KY-E,0.9165415167808533,3
YI-M,0.9162809252738953,3
LK-C,0.915177047252655,3
-WAP,0.9135592579841614,3
-WLQ,0.9127859473228455,3
FC-M,0.9121832847595215,3
-WCQ,0.9115027785301208,3
CI-P,0.910868763923645,3
FA-H,0.9106842279434204,3
AI-R,0.9098942875862122,3
IL-K,0.9081916213035583,3
-WAK,0.9079583287239075,3
I-AW,0.9074559807777405,3
TV-Q,0.90669184923172,3
-WAQ,0.9065219759941101,3
IKY-,0.905756950378418,3
LN-Y,0.9037994146347046,3
L-AY,0.9032200574874878,3
I-VC,0.9024069905281067,3
-WVK,0.9022110104560852,3
LN-W,0.9016892313957214,3
-WFK,0.9015980362892151,3
L-TF,0.9015176892280579,3
LR-N,0.9009614586830139,3
LR-Y,0.9002978205680847,3
L-AQ,0.8993569016456604,3
VH-P,0.8991995453834534,3
FA-M,0.898809015750885,3
YI-K,0.8985093832015991,3
VH-Q,0.897843062877655,3
-WIQ,0.8971264958381653,3
FCL-,0.8967202305793762,3
L-VV,0.8966710567474365,3
-WFR,0.8963611721992493,3
LQA-,0.895134687423706,3
-WLP,0.8938418030738831,3
RWD-,0.8932567238807678,3
WFD-,0.8930971622467041,3
NY-E,0.8930253386497498,3
KW-E,0.8921768665313721,3
-WFI,0.8918097019195557,3
-WIP,0.8910720944404602,3
-FVS,0.890719473361969,3
L-YI,0.8906956315040588,3
IL-Q,0.8904346823692322,3
LSP-,0.8896841406822205,3
TI-R,0.8890500664710999,3
-WFY,0.8890114426612854,3
LR-W,0.8873365521430969,3
I-YY,0.8872868418693542,3
LNF-,0.8870531916618347,3
-WVW,0.8867704272270203,3
V-GH,0.8864797949790955,3
L-RG,0.8859296441078186,3
-WFP,0.8844513297080994,3
L-WN,0.8836489915847778,3
VI-E,0.8829102516174316,3
L-FC,0.8820670247077942,3
AI-P,0.8818589448928833,3
GWD-,0.8815991878509521,3
I-CG,0.8812223076820374,3
-WVQ,0.8804883360862732,3
L-AP,0.8801718354225159,3
FA-K,0.8798389434814453,3
LS-G,0.8789440989494324,3
-YLE,0.8781818151473999,3
-WGP,0.8770377039909363,3
-YYQ,0.8764485716819763,3
I-AR,0.8763105869293213,3
QY-E,0.8758301138877869,3
L-AR,0.8757711052894592,3
L-RN,0.8748975992202759,3
-YVE,0.8741410374641418,3
RYD-,0.8739625811576843,3
YI-Q,0.8739583492279053,3
CI-Q,0.8739537596702576,3
LN-N,0.8739385604858398,3
L-RM,0.8708880543708801,3
-WFQ,0.8708072900772095,3
FF-D,0.8707869648933411,3
I-WN,0.8707015514373779,3
IV-D,0.8706843852996826,3
I-AQ,0.8705599904060364,3
LI-D,0.8698819875717163,3
IHL-,0.8687942624092102,3
L-CG,0.8685571551322937,3
MF-D,0.8683175444602966,3
-WVP,0.8681907653808594,3
I-AI,0.8680135607719421,3
IT-V,0.8674735426902771,3
SW-E,0.8667685985565186,3
L-CC,0.8663796782493591,3
L-AE,0.8649019598960876,3
I-AK,0.864469587802887,3
CI-K,0.8631792664527893,3
-FFS,0.8628565669059753,3
LRC-,0.8624868988990784,3
SY-E,0.8619592785835266,3
L-PV,0.86192786693573,3
NW-E,0.8607951998710632,3
MC-Q,0.8606433868408203,3
LSF-,0.8606199026107788,3
FVD-,0.8598764538764954,3
AI-K,0.8595072627067566,3
-WFH,0.8591346144676208,3
L-TR,0.8590772747993469,3
-WVR,0.8584982752799988,3
FC-Q,0.8579619526863098,3
V-YI,0.8579020500183105,3
IHD-,0.8577204942703247,3
V-AN,0.8576599359512329,3
LR-G,0.8569558262825012,3
VID-,0.8560734391212463,3
FV-E,0.8548485040664673,3
VC-E,0.852479875087738,3
IRC-,0.8518051505088806,3
I-IV,0.8513149619102478,3
L-GE,0.8502116799354553,3
VRY-,0.8486945629119873,3
VEG-,0.847995400428772,3
FAL-,0.8463559746742249,3
LRP-,0.8456658720970154,3
L-YP,0.8454639911651611,3
FA-Q,0.8449483513832092,3
-WIR,0.8449414372444153,3
TFD-,0.8442131876945496,3
F-AN,0.8437055349349976,3
AFD-,0.8436734676361084,3
F-AY,0.8432583212852478,3
LKR-,0.843075692653656,3
L-TM,0.8403056263923645,3
QW-E,0.8390258550643921,3
V-YN,0.8389989733695984,3
V-GR,0.8370354771614075,3
-WLR,0.836009681224823,3
FA-P,0.8354825377464294,3
EF-S,0.8354681134223938,3
LN-F,0.8351393342018127,3
-WLE,0.8336474299430847,3
LN-R,0.8327489495277405,3
AI-Q,0.8324663043022156,3
L-YY,0.8301998972892761,3
-WIE,0.8301718235015869,3
CF-D,0.8298000693321228,3
RY-D,0.8281843066215515,3
CT-V,0.8276472091674805,3
NYD-,0.8264163732528687,3
I-AH,0.8250653147697449,3
I-YP,0.8244786858558655,3
FRA-,0.8233887553215027,3
I-WG,0.8226257562637329,3
L-WG,0.8224993944168091,3
-FCS,0.8209133744239807,3
I-AP,0.8194065690040588,3
F-AG,0.8187703490257263,3
LS-R,0.8184859156608582,3
V-GL,0.8184097409248352,3
LC-D,0.8181148171424866,3
LS-F,0.8179425597190857,3
V-AG,0.8177136182785034,3
TC-R,0.8154932260513306,3
CTW-,0.8141465187072754,3
MNN-,0.8130475878715515,3
MV-E,0.8127306699752808,3
I-YW,0.8122393488883972,3
IQA-,0.8121582865715027,3
I-GE,0.8112589716911316,3
LR-I,0.8108519911766052,3
NWD-,0.8101211190223694,3
L-TH,0.8099287152290344,3
MVD-,0.8098958134651184,3
LM-E,0.8098182082176208,3
LKW-,0.80946284532547,3
-YIL,0.8061330318450928,3
L-RQ,0.8042568564414978,3
-WVE,0.8031767010688782,3
V-AY,0.802457332611084,3
L-AH,0.8006297945976257,3
L-VC,0.8006201386451721,3
L-RL,0.7997059226036072,3
CV-E,0.7990378737449646,3
RW-D,0.7983447909355164,3
L-YK,0.7982991933822632,3
LRF-,0.797738254070282,3
V-YG,0.7973629236221313,3
L-YE,0.7973412871360779,3
I-YR,0.7973043322563171,3
VA-E,0.7963331937789917,3
-FGS,0.7953729629516602,3
I-AE,0.7943736910820007,3
LNM-,0.7936733365058899,3
L-AI,0.7935834527015686,3
HY-E,0.7928107976913452,3
-FAS,0.7919106483459473,3
L-TK,0.7917364239692688,3
LS-K,0.7916474938392639,3
V-YY,0.7915305495262146,3
LN-Q,0.7912361025810242,3
IK-C,0.7910696268081665,3
I-PV,0.7909920811653137,3
L-AW,0.7893579602241516,3
IH-E,0.789151132106781,3
LN-P,0.7891247272491455,3
I-YK,0.789054811000824,3
LN-K,0.7889513969421387,3
IC-D,0.7885943055152893,3
RF-E,0.7875655293464661,3
-FYS,0.7868310213088989,3
LK-V,0.7866235375404358,3
HW-E,0.7865340113639832,3
GF-E,0.7864701747894287,3
LS-Q,0.7850849032402039,3
LR-F,0.7848851084709167,3
I-WY,0.7847427129745483,3
VSY-,0.7842056155204773,3
-WVH,0.7840532064437866,3
L-RH,0.7840510606765747,3
II-D,0.7821813821792603,3
CT-A,0.7816339135169983,3
LR-K,0.7815502285957336,3
I-MV,0.7812600135803223,3
KWD-,0.7804282307624817,3
L-TL,0.7804226279258728,3
-YLL,0.7801365852355957,3
TA-R,0.7800909280776978,3
I-WI,0.7798040509223938,3
GY-D,0.779696524143219,3
F-AW,0.779462993144989,3
LN-H,0.7786002159118652,3
FI-E,0.778567373752594,3
LL-E,0.7785429358482361,3
L-CK,0.7782837748527527,3
V-GQ,0.7775419354438782,3
I-IC,0.7773528695106506,3
KYD-,0.7771070599555969,3
L-TP,0.7768797874450684,3
I-CK,0.776777446269989,3
-WVY,0.7755374312400818,3
L-DC,0.7753542065620422,3
I-YE,0.7746772170066833,3
-YCE,0.7744683623313904,3
IPG-,0.7742156386375427,3
I-YQ,0.7720866203308105,3
-WIW,0.77180415391922,3
L-YR,0.7710190415382385,3
-WFM,0.7704063057899475,3
F-AI,0.7703385949134827,3
IM-E,0.76986163854599,3
L-YQ,0.7689231634140015,3
SWD-,0.7685050368309021,3
L-TQ,0.7677468657493591,3
LR-P,0.7671836018562317,3
F-AR,0.765713095664978,3
VCD-,0.7652283310890198,3
LR-R,0.76385897397995,3
CVD-,0.7637395262718201,3
VAD-,0.7636201977729797,3
YF-D,0.7630330920219421,3
L-IV,0.7627776265144348,3
LS-H,0.7617948651313782,3
V-GK,0.7617822289466858,3
FID-,0.7611693739891052,3
L-RR,0.760334849357605,3
CTT-,0.76016765832901,3
AV-E,0.760140597820282,3
LRD-,0.7596427202224731,3
LN-L,0.7583960294723511,3
LS-M,0.7576733231544495,3
LN-M,0.7576078772544861,3
I-DC,0.7567383646965027,3
L-MV,0.7567382454872131,3
LMD-,0.7553118467330933,3
-YFE,0.7549340128898621,3
QYD-,0.7548897862434387,3
VV-D,0.7520409226417542,3
FNN-,0.7518501877784729,3
CTC-,0.7515397071838379,3
I-YH,0.7486266493797302,3
-WLW,0.7475723624229431,3
I-CI,0.7475432753562927,3
LS-P,0.7469375729560852,3
V-AW,0.745419442653656,3
L-WY,0.7451593279838562,3
IKW-,0.7450118660926819,3
YVD-,0.7445767521858215,3
I-LV,0.7442775368690491,3
TF-D,0.7441731095314026,3
I-YF,0.7433607578277588,3
TV-E,0.742841899394989,3
SYD-,0.7426977753639221,3
QWD-,0.7426050305366516,3
LA-D,0.7416889667510986,3
MI-E,0.74100261926651,3
L-CE,0.7408044934272766,3
LQY-,0.7407729029655457,3
-FWS,0.7407190203666687,3
LR-Q,0.7400849461555481,3
L-RE,0.7392457127571106,3
GFD-,0.7390626072883606,3
-FMS,0.7389858365058899,3
CTR-,0.7376994490623474,3
WV-E,0.7362316250801086,3
EW-E,0.7355923652648926,3
L-YW,0.7351461052894592,3
MID-,0.7346403002738953,3
I-CP,0.733995258808136,3
YV-E,0.7339815497398376,3
VHL-,0.7339417934417725,3
LSM-,0.7321658730506897,3
-WCE,0.7319587469100952,3
L-WI,0.7313838601112366,3
WF-D,0.7310046553611755,3
IL-E,0.7303124666213989,3
VKA-,0.7302857041358948,3
-YAE,0.7290335893630981,3
I-CR,0.7288431525230408,3
FKA-,0.7269666790962219,3
-WFE,0.726871907711029,3
L-DV,0.7251661419868469,3
LH-D,0.7247812151908875,3
V-AR,0.7230660319328308,3
LKC-,0.7230032682418823,3
V-GP,0.7224066257476807,3
LSV-,0.722123384475708,3
LR-H,0.7219757437705994,3
AF-D,0.7213394045829773,3
-WAE,0.7213008999824524,3
L-LV,0.7205501198768616,3
EY-E,0.7200391292572021,3
I-CY,0.7196139693260193,3
CI-E,0.7189344167709351,3
-WIH,0.7172097563743591,3
L-RK,0.716712236404419,3
I-MC,0.7164989709854126,3
V-AI,0.7161481976509094,3
L-CP,0.7157880663871765,3
-YGE,0.7157383561134338,3
-YID,0.7156919240951538,3
L-RP,0.7145861387252808,3
GW-D,0.7145676016807556,3
V-YW,0.7142557501792908,3
I-CQ,0.7132750749588013,3
VH-E,0.7121275067329407,3
-WLH,0.7118847966194153,3
HWD-,0.7107837796211243,3
I-YM,0.7106780409812927,3
KY-D,0.7106712460517883,3
LR-M,0.7100194692611694,3
LPG-,0.7089119553565979,3
I-CE,0.7086859345436096,3
L-WE,0.7084981799125671,3
F-AH,0.7082645297050476,3
F-AK,0.7076038122177124,3
L-WP,0.7068967223167419,3
CTF-,0.7066861987113953,3
L-YH,0.7064568996429443,3
F-AQ,0.7043764591217041,3
RFD-,0.7039469480514526,3
I-WW,0.7034078240394592,3
IPC-,0.7033038139343262,3
LNV-,0.7030336260795593,3
I-WR,0.7006416320800781,3
L-CQ,0.7005870342254639,3
IMD-,0.6997544169425964,3
L-WK,0.699219286441803,3
L-TE,0.6952734589576721,3
EWD-,0.6951780915260315,3
YI-E,0.6951220631599426,3
HYD-,0.6933364272117615,3
NY-D,0.6914775967597961,3
-WGE,0.6898228526115417,3
L-CR,0.6896575093269348,3
I-AM,0.6889842748641968,3
LRV-,0.6885024905204773,3
I-WP,0.6882799863815308,3
VHD-,0.6877570748329163,3
L-CI,0.6872028708457947,3
-YLD,0.6870699524879456,3
IA-D,0.6862962245941162,3
KW-D,0.6845373511314392,3
LND-,0.6842619776725769,3
L-IC,0.6839814782142639,3
V-AK,0.6837047338485718,3
I-YL,0.6835431456565857,3
I-WK,0.6830026507377625,3
YID-,0.6824910640716553,3
L-WR,0.6817541718482971,3
V-YR,0.6816996335983276,3
QY-D,0.6814237236976624,3
VI-D,0.6803601384162903,3
AI-E,0.677395761013031,3
TVD-,0.6762052178382874,3
V-AQ,0.6761996150016785,3
I-CW,0.6755120158195496,3
AVD-,0.6751701235771179,3
IKC-,0.6751531958580017,3
V-AH,0.6735475659370422,3
IQY-,0.672446608543396,3
CTN-,0.6719128489494324,3
WVD-,0.671703040599823,3
V-YF,0.6703624129295349,3
LSD-,0.670138418674469,3
EYD-,0.6697121262550354,3
-YYE,0.6695169806480408,3
LS-L,0.6662049889564514,3
L-WQ,0.6658213138580322,3
LLD-,0.6652428507804871,3
L-MC,0.6647752523422241,3
CTK-,0.6646103262901306,3
CID-,0.6612237095832825,3
V-YP,0.6607527136802673,3
L-YF,0.6603454947471619,3
CTV-,0.6588590741157532,3
-YVD,0.6586104035377502,3
I-WE,0.6582662463188171,3
I-AF,0.6579754948616028,3
I-WQ,0.6578606963157654,3
FC-E,0.6575863361358643,3
F-AP,0.6574633717536926,3
SW-D,0.6553750038146973,3
SY-D,0.6552100777626038,3
I-CH,0.6550227403640747,3
CNN-,0.6538416743278503,3
MC-E,0.653687059879303,3
-WLY,0.6535196304321289,3
I-LC,0.653054416179657,3
IPA-,0.6519119739532471,3
FCD-,0.6493076086044312,3
FAD-,0.6486140489578247,3
L-CY,0.6480988264083862,3
ANN-,0.6477736830711365,3
V-YK,0.6473982930183411,3
L-YM,0.6462555527687073,3
YNN-,0.6456068754196167,3
FA-E,0.6447680592536926,3
CTE-,0.6446368098258972,3
CT-T,0.6446368098258972,3
-WVI,0.6446226835250854,3
NW-D,0.6440591812133789,3
LN-E,0.6424007415771484,3
LPC-,0.6418431997299194,3
CTQ-,0.6414734721183777,3
V-YH,0.6384972333908081,3
QW-D,0.6369634866714478,3
LDG-,0.6326441168785095,3
IPY-,0.630896270275116,3
LPA-,0.630455493927002,3
LR-E,0.6289761662483215,3
-WIY,0.6284363865852356,3
V-YE,0.628361701965332,3
VC-D,0.6273937821388245,3
L-WW,0.6256606578826904,3
MCD-,0.625116229057312,3
FV-D,0.6234893202781677,3
IP-C,0.6233519911766052,3
CT-I,0.6232758164405823,3
IK-V,0.6224281191825867,3
I-WH,0.6222524642944336,3
TM-R,0.6214261651039124,3
CTM-,0.6202219128608704,3
V-YQ,0.6199637055397034,3
LS-E,0.6182166337966919,3
L-YL,0.6162797808647156,3
TH-R,0.6150897145271301,3
-WDC,0.6143431067466736,3
LL-D,0.6141436100006104,3
MV-D,0.6137138605117798,3
I-DV,0.6132904887199402,3
ILD-,0.6126945614814758,3
V-YM,0.6126778721809387,3
V-AP,0.6114155054092407,3
VKY-,0.6079264283180237,3
CTH-,0.6075822710990906,3
LM-D,0.6064953804016113,3
PF-S,0.6058064103126526,3
TNN-,0.6054695844650269,3
LQ-C,0.6053139567375183,3
RF-D,0.6029531359672546,3
L-LC,0.6016882061958313,3
L-AM,0.6008375287055969,3
V-YL,0.599669337272644,3
V-AE,0.5994298458099365,3
L-CH,0.596464216709137,3
WNN-,0.5959421396255493,3
LPY-,0.5952883958816528,3
L-WH,0.594831109046936,3
F-AE,0.5926846861839294,3
I-WF,0.592216432094574,3
TL-R,0.5900052189826965,3
V-GE,0.58999103307724,3
HY-D,0.586834728717804,3
LRM-,0.5868130326271057,3
-WVM,0.5861459374427795,3
F-AM,0.5858957171440125,3
AID-,0.5854300856590271,3
I-CM,0.5848774313926697,3
CV-D,0.5841819047927856,3
TT-R,0.5808953046798706,3
-WLD,0.5803520083427429,3
VPG-,0.5792070031166077,3
LQW-,0.5784406661987305,3
F-AF,0.5756128430366516,3
FI-D,0.5720547437667847,3
I-WM,0.5720039010047913,3
IQ-C,0.5710489153862,3
HW-D,0.5677921175956726,3
-WID,0.5676453709602356,3
IM-D,0.5664957165718079,3
I-CF,0.5658832788467407,3
IPW-,0.5654729604721069,3
L-CW,0.5654043555259705,3
LQC-,0.5652334094047546,3
IL-D,0.5616747736930847,3
GF-D,0.561311662197113,3
CT-S,0.5587883591651917,3
L-AF,0.5585397481918335,3
LSI-,0.5577833652496338,3
-WII,0.5574058890342712,3
LRI-,0.5572155117988586,3
IQC-,0.5569602251052856,3
LP-C,0.5554870367050171,3
MI-D,0.5551777482032776,3
CT-W,0.5517945289611816,3
CT-Y,0.5508629679679871,3
LSL-,0.5505576729774475,3
GVD-,0.5486633777618408,3
-YCD,0.5485559105873108,3
-YFD,0.5478459000587463,3
VA-D,0.5457373857498169,3
L-AD,0.54526686668396,3
IH-D,0.5439638495445251,3
IQW-,0.5431121587753296,3
LNI-,0.5417742133140564,3
CTI-,0.5413265824317932,3
-WVD,0.5412840843200684,3
AV-D,0.54097980260849,3
TV-D,0.5385207533836365,3
VQA-,0.5350331664085388,3
L-GD,0.5347798466682434,3
V-AF,0.5347755551338196,3
IP-V,0.5305545330047607,3
V-AM,0.5292804837226868,3
IDG-,0.5268184542655945,3
-FRS,0.5268074870109558,3
CI-D,0.525348961353302,3
LPW-,0.5250880122184753,3
LR-L,0.5244494676589966,3
I-WL,0.5226812958717346,3
T-YR,0.5211684703826904,3
I-AL,0.5197089910507202,3
RNN-,0.5191864371299744,3
CT-F,0.5189662575721741,3
CTS-,0.5120772123336792,3
L-WM,0.5114871263504028,3
-YAD,0.5113975405693054,3
-WIM,0.5112120509147644,3
EW-D,0.5111352205276489,3
LP-V,0.5106359124183655,3
L-WF,0.5105398893356323,3
-FTS,0.5090525150299072,3
LQR-,0.5055738687515259,3
EY-D,0.5049492120742798,3
L-CM,0.5049193501472473,3
-WCD,0.5044635534286499,3
LQ-V,0.5020591616630554,3
CT-N,0.4990214705467224,3
T-CR,0.49601444602012634,3
WV-D,0.4952082633972168,3
TR-R,0.49476200342178345,3
YV-D,0.49265554547309875,3
T-AR,0.4918772578239441,3
T-WR,0.49085164070129395,3
-WLM,0.4906315803527832,3
-WLI,0.4905778765678406,3
-WFF,0.4886642098426819,3
-WAD,0.48798757791519165,3
I-CL,0.486828088760376,3
AI-D,0.4860255718231201,3
IQ-V,0.484394907951355,3
FQA-,0.4813854694366455,3
YI-D,0.4813283085823059,3
LET-,0.48022645711898804,3
-FHS,0.47923287749290466,3
VH-D,0.476836234331131,3
-WFD,0.476754367351532,3
VPY-,0.4761141836643219,3
-YGD,0.4755365550518036,3
LRL-,0.47382652759552,3
L-CF,0.4711728096008301,3
GID-,0.4680125415325165,3
VPA-,0.46617642045021057,3
CT-M,0.4619140625,3
T-FR,0.4598310887813568,3
MC-D,0.45962759852409363,3
-WFL,0.4592861533164978,3
I-AD,0.45765402913093567,3
LNL-,0.45631784200668335,3
FPA-,0.4545899033546448,3
L-WL,0.4537006914615631,3
I-GD,0.45234382152557373,3
L-YD,0.4516030550003052,3
-YYD,0.4507114291191101,3
T-GR,0.45000892877578735,3
CT-G,0.4498293399810791,3
IEA-,0.44967415928840637,3
CT-R,0.446404367685318,3
CT-H,0.4459989070892334,3
CTP-,0.4387478232383728,3
T-VR,0.4365287125110626,3
FC-D,0.4347918629646301,3
NNN-,0.4347287118434906,3
L-AL,0.43149274587631226,3
-WGD,0.42940062284469604,3
CT-L,0.4288884401321411,3
I-YD,0.4252745807170868,3
T-TR,0.4247806668281555,3
F-AL,0.42403852939605713,3
LQ-Y,0.42195773124694824,3
TS-R,0.42004117369651794,3
-FSS,0.4162754714488983,3
-FQS,0.41436466574668884,3
L-CL,0.41033703088760376,3
VQY-,0.40675970911979675,3
L-RD,0.40208280086517334,3
-FPS,0.40051645040512085,3
MQ-Y,0.40038108825683594,3
CT-P,0.3977176547050476,3
L-CD,0.3961814045906067,3
T-IR,0.3960111737251282,3
FA-D,0.39479467272758484,3
LR-D,0.3896729648113251,3
V-AL,0.38783353567123413,3
L-TD,0.3875267505645752,3
-FNS,0.38584449887275696,3
LN-D,0.374474436044693,3
I-CD,0.37312576174736023,3
-FKS,0.36824730038642883,3
-WVF,0.3679544925689697,3
L-WD,0.36620330810546875,3
LS-D,0.36360859870910645,3
CT-Q,0.35859018564224243,3
CT-K,0.35425445437431335,3
CTL-,0.35045790672302246,3
DF-S,0.3472544252872467,3
-FES,0.34725433588027954,3
IEY-,0.34657543897628784,3
-WIF,0.32682639360427856,3
GCD-,0.32653555274009705,3
TQ-Y,0.32469111680984497,3
LPR-,0.32014238834381104,3
KNN-,0.3199285566806793,3
LEA-,0.3181478977203369,3
I-WD,0.3176098167896271,3
T-MR,0.30964913964271545,3
QNN-,0.30195027589797974,3
HNN-,0.2991603910923004,3
T-SR,0.285592257976532,3
F-AD,0.2828342616558075,3
TN-R,0.2814848721027374,3
LPT-,0.27998384833335876,3
V-YD,0.27992045879364014,3
-WLF,0.2791782319545746,3
AQ-Y,0.27546340227127075,3
V-AD,0.26938730478286743,3
IEC-,0.265047162771225,3
IEW-,0.26443806290626526,3
ENN-,0.25698211789131165,3
IQ-Y,0.24661296606063843,3
VDG-,0.24585840106010437,3
GNN-,0.24014578759670258,3
IE-C,0.23978641629219055,3
V-GD,0.23967717587947845,3
FQ-Y,0.22395634651184082,3
T-RR,0.22268694639205933,3
L-DR,0.2220502346754074,3
T-LR,0.21385353803634644,3
CT-E,0.21101832389831543,3
SNN-,0.21060264110565186,3
GAD-,0.20889665186405182,3
TG-R,0.2061954289674759,3
T-ER,0.2061954289674759,3
-WVL,0.19800832867622375,3
TQ-R,0.19481709599494934,3
LDA-,0.19378891587257385,3
LE-C,0.1934036761522293,3
-WIL,0.19111356139183044,3
T-NR,0.1884644329547882,3
IE-V,0.1880718171596527,3
VEA-,0.18646283447742462,3
PNN-,0.18456187844276428,3
LEY-,0.18265360593795776,3
T-KR,0.17724791169166565,3
TK-R,0.17172598838806152,3
LER-,0.1704866886138916,3
GLD-,0.16283278167247772,3
FEA-,0.16196441650390625,3
T-HR,0.16111434996128082,3
RQ-Y,0.16064339876174927,3
CTD-,0.16059479117393494,3
-YDR,0.15138515830039978,3
GHD-,0.14537258446216583,3
LE-V,0.14129458367824554,3
CQ-Y,0.14073455333709717,3
LEW-,0.13567283749580383,3
I-DR,0.13564637303352356,3
-WDR,0.1301552802324295,3
GMD-,0.12470957636833191,3
WQ-Y,0.1124478355050087,3
IDA-,0.11151676625013351,3
-WLL,0.10173382610082626,3
YQ-Y,0.09779053926467896,3
LEC-,0.09674743562936783,3
-NNC,0.09104222804307938,3
LDT-,0.09044931083917618,3
VEY-,0.08290562778711319,3
G-DC,0.07968316227197647,3
T-QR,0.07750418037176132,3
KQ-Y,0.07420582324266434,3
NQ-Y,0.0710475966334343,3
VQ-Y,0.054404184222221375,3
LD-C,0.02986975573003292,3
CT-D,0.003035371657460928,3
-NNV,-0.011046240106225014,3
SQ-Y,-0.018855461850762367,3
QQ-Y,-0.03961893543601036,3
-FDR,-0.04415874928236008,3
M-DR,-0.05432785674929619,3
-FDS,-0.05540526285767555,3
GQ-Y,-0.05612820014357567,3
F-DR,-0.06664819270372391,3
V-DR,-0.06864786148071289,3
EQ-Y,-0.08007609099149704,3
-NNA,-0.08120346814393997,3
-QGY,-0.0906376913189888,3
HQ-Y,-0.09081753343343735,3
G-DV,-0.09543954581022263,3
GRD-,-0.09691695868968964,3
ID-C,-0.10081956535577774,3
-NNT,-0.1008923128247261,3
DNN-,-0.1008923128247261,3
IDY-,-0.13072849810123444,3
IDC-,-0.13891199231147766,3
LDW-,-0.14419525861740112,3
PQ-Y,-0.14571252465248108,3
-NNI,-0.15117277204990387,3
LDY-,-0.15292349457740784,3
C-DR,-0.15541036427021027,3
TE-R,-0.16191351413726807,3
LDR-,-0.16418659687042236,3
LDC-,-0.16434992849826813,3
LD-V,-0.1653827577829361,3
IDW-,-0.17438936233520508,3
T-PR,-0.1797126829624176,3
W-DR,-0.18086440861225128,3
Y-DR,-0.19048137962818146,3
-NNY,-0.19539442658424377,3
GTD-,-0.19713354110717773,3
G-DA,-0.20169857144355774,3
-NNF,-0.20254136621952057,3
VDA-,-0.2124050259590149,3
-NNW,-0.21516616642475128,3
-NNS,-0.2247534990310669,3
-VDR,-0.2248847633600235,3
FDA-,-0.22706438601016998,3
G-DI,-0.23881620168685913,3
GGD-,-0.24329011142253876,3
G-DT,-0.24329011142253876,3
-IDR,-0.26372694969177246,3
TP-R,-0.26489973068237305,3
-QKY,-0.2788587808609009,3
-NNL,-0.2795960605144501,3
-QTY,-0.2858315408229828,3
A-DR,-0.29516109824180603,3
G-DF,-0.30067723989486694,3
-NNM,-0.3040483593940735,3
G-DY,-0.30897942185401917,3
G-DW,-0.3110576570034027,3
ID-V,-0.31146344542503357,3
T-DR,-0.3130567669868469,3
-QRY,-0.3217881917953491,3
GND-,-0.32198092341423035,3
-NNG,-0.3484668731689453,3
-NNR,-0.34981897473335266,3
-QSY,-0.3573755621910095,3
-NNH,-0.3707966208457947,3
G-DS,-0.3787885010242462,3
-CDR,-0.3797745704650879,3
-NNN,-0.3826877772808075,3
-QNY,-0.40390342473983765,3
-NNQ,-0.4095897078514099,3
G-DL,-0.4101225733757019,3
R-DR,-0.4150637686252594,3
G-DH,-0.4170912802219391,3
N-DR,-0.42023614048957825,3
G-DM,-0.4241008758544922,3
G-DR,-0.4304308295249939,3
G-DN,-0.4332610070705414,3
-ADR,-0.4542231559753418,3
-NNK,-0.4648125171661377,3
VDY-,-0.46717190742492676,3
GKD-,-0.47038331627845764,3
GQD-,-0.4718880355358124,3
-QEY,-0.4721662104129791,3
DQ-Y,-0.4721662104129791,3
GSD-,-0.4759424328804016,3
-NNP,-0.49287137389183044,3
-QQY,-0.5076306462287903,3
G-DG,-0.5191538333892822,3
-MDR,-0.5222057104110718,3
G-DQ,-0.5264778733253479,3
-NNE,-0.540489673614502,3
-HDR,-0.5538385510444641,3
H-DR,-0.5548760890960693,3
-LDR,-0.555474579334259,3
S-DR,-0.5561901926994324,3
K-DR,-0.5596994757652283,3
Q-DR,-0.5778055787086487,3
G-DK,-0.6036057472229004,3
E-DR,-0.631902277469635,3
G-DP,-0.6446060538291931,3
-TDR,-0.6477935910224915,3
-QFY,-0.6641323566436768,3
P-DR,-0.6896296143531799,3
-QYY,-0.696368396282196,3
-QPY,-0.7029964327812195,3
G-DE,-0.7039617300033569,3
-QAY,-0.7277225852012634,3
-RDR,-0.7419623732566833,3
-QWY,-0.7423669695854187,3
-QHY,-0.7685691714286804,3
-QIY,-0.7812480330467224,3
-NDR,-0.8032171726226807,3
-QCY,-0.8114746809005737,3
-NND,-0.8146108984947205,3
-QVY,-0.8236467838287354,3
-QDY,-0.8468286395072937,3
-SDR,-0.8516857028007507,3
GPD-,-0.8583386540412903,3
-GDR,-0.8774692416191101,3
D-DR,-0.8774692416191101,3
TD-R,-0.8788145184516907,3
-QMY,-0.9129711985588074,3
-QLY,-0.9362796545028687,3
GED-,-0.9457735419273376,3
G-DD,-0.9843356609344482,3
-QDR,-0.9960330128669739,3
-KDR,-1.032225489616394,3
-PDR,-1.2551589012145996,3
-EDR,-1.3278558254241943,3
GDD-,-1.492933750152588,3
-DDR,-1.830944299697876,3
