ref_pos,wt_aa,entropy,model_pred,y,plm_mean,epi_gain,source,ddg_min,entropy_z,model_pred_z,y_z,plm_pos_z,ddg_inv_z,Score_raw,Score,hotspot_flag
40,D,2.961386437259799,0.5836417078971863,3.624695885,-0.11926058679819103,-0.3052759793848274,observed_hotspot,0.3052759793848274,1.2285870372480676,1.8372875266154554,2.9778321959598655,-1.6148608574361112,-0.3428551414682948,4.843475382077865,3.487302275096063,1
39,V,1.8831154646427541,0.8394947250684103,1.4355395076666666,-0.11919816086689627,1.8616178625397655,observed_hotspot,-1.8616178625397655,-0.11696772496642859,2.8617782266604985,1.1986857263661614,-1.7252472695908445,1.4861480063348433,4.6143240709185385,3.3223133310613475,1
41,G,2.2035550433645485,0.08061672002077098,0.08277028033333333,-0.10865894208351767,3.2839131290086354,observed_hotspot,-3.2839131290086354,0.4969081139632756,0.3208002163043314,-0.04455925395296793,-2.514901208039349,4.358355368303972,3.5903268017798196,2.58503529728147,1
54,V,2.429850394160667,-0.20068642823025584,1.202557811,-0.1251544505357742,2.1035856852940764,observed_hotspot,-2.1035856852940764,0.9810566048787901,-1.2712724077913475,1.5927147432539124,-2.9339802827722195,2.730686078690113,2.390312977077811,1.7210253434960239,1
