ref_pos,srs_region,Score,model_pred_z,y_z,y_udca_sel_z,y_mdca_yield_z,y_mdca_sel_z,entropy_z,ddg_inv_z,plm_pos_z,risk,risk_udca_yield,risk_mdca_yield
294,5,9.757018350666911,5.818498385206969,4.909353975947216,0.0,0.0,0.0,-1.8872470839738913,-3.3656715507502595,0.26583238819185917,0.0,0.0,0.0
68,1,5.04025637731676,2.6188986063276376,2.228112947093163,0.0,0.0,0.0,1.007209579997344,0.9672998205908315,-0.6721901874055884,0.0,0.0,0.0
192,3,4.48018883171519,0.6091591021210411,3.5279661370271453,0.0,0.0,0.0,0.4138783159822582,0.2069785448013302,0.7296407347009526,0.0,0.0,0.0
296,5,3.428817129018089,1.06326249273972,2.1289050260333533,0.0,0.0,0.0,-0.7190953214349604,1.2746782192488093,0.4184434356074864,0.0,0.0,0.0
96,1,2.8963383962338836,1.247544828052105,1.5171372151404967,0.0,0.0,0.0,0.5611081638574839,0.9447815587275206,-0.5650719715857324,0.0,0.0,0.0
92,1,2.8607594336861495,1.1268321612539918,1.3642339732517388,0.0,0.0,0.0,-0.3008494554912825,1.2367766026693539,0.6083595658160159,0.0,0.0,0.0
